filename,point_id,intersection_idx,lat,lon,arm_direction,heading,gsv_pano_id,gsv_date,has_traffic_light,has_stop_sign,num_traffic_lights,num_stop_signs,detections_json
pt_000000_arm0_offset15.jpg,pt_000000,0,39.96048576508876,-75.16177323084739,0,195,CAoSF0NJSE0wb2dLRUlDQWdJRGF5ZGZjcFFF,2019-05,False,False,0,0,"{""traffic_lights"": [], ""stop_signs"": []}"
pt_000001_arm90_offset15.jpg,pt_000001,0,39.960429277258086,-75.16170400638013,90,285,CAoSFkNJSE0wb2dLRUlDQWdJRGFtY2pwSEE.,2019-07,False,False,0,0,"{""traffic_lights"": [], ""stop_signs"": []}"
pt_000002_arm180_offset15.jpg,pt_000002,0,39.96037600753483,-75.16177741253358,180,15,CAoSF0NJSE0wb2dLRUlDQWdJRGE2WmJkZ2dF,2019-05,False,False,0,0,"{""traffic_lights"": [], ""stop_signs"": []}"
pt_000003_arm270_offset15.jpg,pt_000003,0,39.96043249532135,-75.1618466370076,270,105,CAoSF0NJSE0wb2dLRUlDQWdJRGEyYktoa1FF,2020-06,False,False,0,0,"{""traffic_lights"": [], ""stop_signs"": []}"
pt_000004_arm0_offset15.jpg,pt_000004,1,39.95963508911691,-75.16196060106962,0,195,CAoSFkNJSE0wb2dLRUlDQWdJRGFpWlMxVmc.,2019-08,True,False,2,0,"{""traffic_lights"": [{""confidence"": 0.7488951683044434, ""class"": ""traffic light"", ""bbox"": [472.0942687988281, 243.076171875, 483.0818786621094, 267.4934997558594]}, {""confidence"": 0.6085813045501709, ""class"": ""traffic light"", ""bbox"": [54.587615966796875, 287.9951477050781, 65.26510620117188, 308.1632995605469]}], ""stop_signs"": []}"
pt_000005_arm90_offset15.jpg,pt_000005,1,39.95957860139894,-75.16189137731355,90,285,CAoSFkNJSE0wb2dLRUlDQWdJRGFpZTdCRWc.,2019-05,False,False,0,0,"{""traffic_lights"": [], ""stop_signs"": []}"
pt_000006_arm180_offset15.jpg,pt_000006,1,39.95952533155342,-75.16196478240066,180,15,CAoSF0NJSE0wb2dLRUlDQWdJRGE2ZG5HMHdF,2019-05,True,False,3,0,"{""traffic_lights"": [{""confidence"": 0.8599059581756592, ""class"": ""traffic light"", ""bbox"": [223.84214782714844, 138.07977294921875, 247.53517150878906, 188.96636962890625]}, {""confidence"": 0.6730383038520813, ""class"": ""traffic light"", ""bbox"": [117.81845092773438, 138.61395263671875, 141.96319580078125, 201.04541015625]}, {""confidence"": 0.6614585518836975, ""class"": ""traffic light"", ""bbox"": [413.9692077636719, 245.02999877929688, 424.5311584472656, 274.0014343261719]}], ""stop_signs"": []}"
pt_000007_arm270_offset15.jpg,pt_000007,1,39.95958181922722,-75.1620340061635,270,105,CAoSF0NJSE0wb2dLRUlDQWdJRGFxZi1ENEFF,2020-06,False,False,0,0,"{""traffic_lights"": [], ""stop_signs"": []}"
pt_000008_arm0_offset15.jpg,pt_000008,2,39.95967205015215,-75.16209840660805,0,195,CAoSF0NJSE0wb2dLRUlDQWdJRGE4YXJxc1FF,2019-05,True,False,1,0,"{""traffic_lights"": [{""confidence"": 0.8258774876594543, ""class"": ""traffic light"", ""bbox"": [256.34722900390625, 272.24493408203125, 266.00823974609375, 290.74700927734375]}], ""stop_signs"": []}"
pt_000009_arm90_offset15.jpg,pt_000009,2,39.959615562517165,-75.16202918269971,90,285,CAoSFkNJSE0wb2dLRUlDQWdJRGF1WmpMTUE.,2019-08,True,False,2,0,"{""traffic_lights"": [{""confidence"": 0.7357816100120544, ""class"": ""traffic light"", ""bbox"": [325.58477783203125, 249.94654846191406, 335.3994140625, 270.8388671875]}, {""confidence"": 0.6968290209770203, ""class"": ""traffic light"", ""bbox"": [276.00543212890625, 249.83309936523438, 285.57427978515625, 270.7136535644531]}], ""stop_signs"": []}"
pt_000010_arm180_offset15.jpg,pt_000010,2,39.95956229258347,-75.16210258771868,180,15,CAoSF0NJSE0wb2dLRUlDQWdJRGE4ZXktckFF,2020-07,True,False,1,0,"{""traffic_lights"": [{""confidence"": 0.6349189877510071, ""class"": ""traffic light"", ""bbox"": [549.4147338867188, 216.11810302734375, 565.6550903320312, 248.27459716796875]}], ""stop_signs"": []}"
pt_000011_arm270_offset15.jpg,pt_000011,2,39.95961878017425,-75.16217181163378,270,105,CAoSFkNJSE0wb2dLRUlDQWdJQ09tcnp4SHc.,2022-05,True,False,1,0,"{""traffic_lights"": [{""confidence"": 0.6473640203475952, ""class"": ""traffic light"", ""bbox"": [31.503341674804688, 256.00457763671875, 47.20112609863281, 286.3692626953125]}], ""stop_signs"": []}"
pt_000012_arm0_offset15.jpg,pt_000012,3,39.95916510260239,-75.16205886371303,0,195,CAoSFkNJSE0wb2dLRUlDQWdJRGF5ZFN2Wmc.,2019-05,False,False,0,0,"{""traffic_lights"": [], ""stop_signs"": []}"
pt_000013_arm90_offset15.jpg,pt_000013,3,39.95910861494352,-75.16198964035425,90,285,qtqCYL61qAQzHke_QTOLkQ,2020-11,False,False,0,0,"{""traffic_lights"": [], ""stop_signs"": []}"
pt_000014_arm180_offset15.jpg,pt_000014,3,39.95905534503384,-75.16206304485635,180,15,CAoSFkNJSE0wb2dLRUlDQWdJRGF1ZWkwYXc.,2019-05,False,False,0,0,"{""traffic_lights"": [], ""stop_signs"": []}"
pt_000015_arm270_offset15.jpg,pt_000015,3,39.95911183264851,-75.1621322682219,270,105,CAoSFkNJSE0wb2dLRUlDQWdJQ3VxdE9FQ0E.,2022-07,False,False,0,0,"{""traffic_lights"": [], ""stop_signs"": []}"
pt_000016_arm0_offset15.jpg,pt_000016,4,39.95888579548789,-75.16211897844816,0,195,CAoSF0NJSE0wb2dLRUlDQWdJRGFzZmZLb2dF,2020-06,False,False,0,0,"{""traffic_lights"": [], ""stop_signs"": []}"
pt_000017_arm90_offset15.jpg,pt_000017,4,39.9588293078652,-75.16204975532406,90,285,fwvEleLQIkgwzqy3zwe8TA,2020-11,False,False,0,0,"{""traffic_lights"": [], ""stop_signs"": []}"
pt_000018_arm180_offset15.jpg,pt_000018,4,39.95877603791626,-75.16212315947715,180,15,CAoSF0NJSE0wb2dLRUlDQWdJRGFtWlBXeVFF,2019-05,False,False,0,0,"{""traffic_lights"": [], ""stop_signs"": []}"
pt_000019_arm270_offset15.jpg,pt_000019,4,39.95883252549478,-75.16219238260801,270,105,CAoSF0NJSE0wb2dLRUlDQWdJQ3VtS1RvOUFF,2022-07,False,False,0,0,"{""traffic_lights"": [], ""stop_signs"": []}"
pt_000020_arm0_offset15.jpg,pt_000020,5,39.95861147262718,-75.16217601085016,0,195,CAoSFkNJSE0wb2dLRUlDQWdJRGF1ZmlyT0E.,2019-05,False,False,0,0,"{""traffic_lights"": [], ""stop_signs"": []}"
pt_000021_arm90_offset15.jpg,pt_000021,5,39.95855498503877,-75.16210678795822,90,285,ZaF-ESgsKwJCaJ6AbAxKIw,2014-05,False,False,0,0,"{""traffic_lights"": [], ""stop_signs"": []}"
pt_000022_arm180_offset15.jpg,pt_000022,5,39.9585017150526,-75.1621801917701,180,15,CAoSF0NJSE0wb2dLRUlDQWdJRGFtZHYtbFFF,2019-05,False,False,0,0,"{""traffic_lights"": [], ""stop_signs"": []}"
pt_000023_arm270_offset15.jpg,pt_000023,5,39.958558202596784,-75.16224941466884,270,105,CAoSF0NJSE0wb2dLRUlDQWdJRGFxZnl6NEFF,2020-07,False,False,0,0,"{""traffic_lights"": [], ""stop_signs"": []}"
pt_000024_arm0_offset15.jpg,pt_000024,6,39.95890764380218,-75.16225498577329,0,195,omSTT9kVt2C_MzLlKnQPaQ,2024-10,False,False,0,0,"{""traffic_lights"": [], ""stop_signs"": []}"
pt_000025_arm90_offset15.jpg,pt_000025,6,39.95885115626139,-75.1621857625138,90,285,CAoSFkNJSE0wb2dLRUlDQWdJQ3VtT1N1SVE.,2022-07,False,False,0,0,"{""traffic_lights"": [], ""stop_signs"": []}"
pt_000026_arm180_offset15.jpg,pt_000026,6,39.95879788622539,-75.16225916658384,180,15,CAoSFkNJSE0wb2dLRUlDQWdJRGEyY1AzSmc.,2020-07,False,False,0,0,"{""traffic_lights"": [], ""stop_signs"": []}"
pt_000027_arm270_offset15.jpg,pt_000027,6,39.95885437372199,-75.16232838985007,270,105,CAoSFkNJSE0wb2dLRUlDQWdJQ082dlNwWVE.,2022-05,False,False,0,0,"{""traffic_lights"": [], ""stop_signs"": []}"
pt_000028_arm0_offset15.jpg,pt_000028,7,39.95803894895441,-75.1553281086386,0,195,aSnThTuwUk-ATYjZa-GLNw,2023-03,False,False,0,0,"{""traffic_lights"": [], ""stop_signs"": []}"
pt_000029_arm90_offset15.jpg,pt_000029,7,39.95798245724241,-75.15525889202547,90,285,CAoSFENJSE0wb2dLRUlDQWdJRGE4YkFT,2019-06,False,False,0,0,"{""traffic_lights"": [], ""stop_signs"": []}"
pt_000030_arm180_offset15.jpg,pt_000030,7,39.95792919164168,-75.15533230058918,180,15,CAoSFkNJSE0wb2dLRUlDQWdJRGF5ZGZNUHc.,2019-06,False,False,0,0,"{""traffic_lights"": [], ""stop_signs"": []}"
pt_000031_arm270_offset15.jpg,pt_000031,7,39.95798568330948,-75.15540151720907,270,105,HYbM9-lH5lOhrLlrZh9JNA,2023-03,False,False,0,0,"{""traffic_lights"": [], ""stop_signs"": []}"
pt_000032_arm0_offset15.jpg,pt_000032,8,39.95823286155634,-75.15689838837258,0,195,CAoSF0NJSE0wb2dLRUlDQWdJRGFzZEt4M0FF,2019-06,False,False,0,0,"{""traffic_lights"": [], ""stop_signs"": []}"
pt_000033_arm90_offset15.jpg,pt_000033,8,39.958176370789886,-75.15682917025583,90,285,fPVu2RatAaaQzUX7cZlhcw,2023-03,False,False,0,0,"{""traffic_lights"": [], ""stop_signs"": []}"
pt_000034_arm180_offset15.jpg,pt_000034,8,39.95812310418368,-75.15690257779765,180,15,CAoSFkNJSE0wb2dLRUlDQWdJRGF5ZWlpVGc.,2019-06,False,False,0,0,"{""traffic_lights"": [], ""stop_signs"": []}"
pt_000035_arm270_offset15.jpg,pt_000035,8,39.958179594905936,-75.15697179592117,270,105,EvM0E4dlxSR7vhZIWek4QA,2023-03,False,False,0,0,"{""traffic_lights"": [], ""stop_signs"": []}"
pt_000036_arm0_offset15.jpg,pt_000036,9,39.95815114712943,-75.16241221779518,0,195,CAoSFkNJSE0wb2dLRUlDQWdJRGFxZlBHZnc.,2019-05,True,False,4,0,"{""traffic_lights"": [{""confidence"": 0.7887783646583557, ""class"": ""traffic light"", ""bbox"": [255.1456298828125, 242.31329345703125, 265.41619873046875, 264.2042236328125]}, {""confidence"": 0.758323073387146, ""class"": ""traffic light"", ""bbox"": [210.9381103515625, 240.59613037109375, 222.80999755859375, 262.9721984863281]}, {""confidence"": 0.7129111289978027, ""class"": ""traffic light"", ""bbox"": [611.1834716796875, 191.69891357421875, 629.4442138671875, 222.62564086914062]}, {""confidence"": 0.6808400750160217, ""class"": ""traffic light"", ""bbox"": [554.6351928710938, 216.22457885742188, 567.9666137695312, 241.9364013671875]}], ""stop_signs"": []}"
pt_000037_arm90_offset15.jpg,pt_000037,9,39.95809465968322,-75.16234299517592,90,285,CAoSFkNJSE0wb2dLRUlDQWdJRGE2ZXJvT0E.,2019-05,True,False,2,0,"{""traffic_lights"": [{""confidence"": 0.8253934979438782, ""class"": ""traffic light"", ""bbox"": [224.58270263671875, 257.7237548828125, 234.67611694335938, 278.33837890625]}, {""confidence"": 0.7992345690727234, ""class"": ""traffic light"", ""bbox"": [263.8624267578125, 258.1162109375, 272.3623046875, 277.5596923828125]}], ""stop_signs"": []}"
pt_000038_arm180_offset15.jpg,pt_000038,9,39.958041389544526,-75.16241639830508,180,15,CAoSFkNJSE0wb2dLRUlDQWdJRGFtYnZhRlE.,2020-07,True,False,1,0,"{""traffic_lights"": [{""confidence"": 0.6777013540267944, ""class"": ""traffic light"", ""bbox"": [573.1396484375, 177.3543243408203, 596.147705078125, 217.4711151123047]}], ""stop_signs"": []}"
pt_000039_arm270_offset15.jpg,pt_000039,9,39.95809787694654,-75.1624856209311,270,105,CAoSF0NJSE0wb2dLRUlDQWdJRGF5YVhwcndF,2019-05,True,False,2,0,"{""traffic_lights"": [{""confidence"": 0.8118965029716492, ""class"": ""traffic light"", ""bbox"": [53.65730285644531, 163.9638671875, 74.78962707519531, 202.335693359375]}, {""confidence"": 0.6451486945152283, ""class"": ""traffic light"", ""bbox"": [97.95857238769531, 193.00054931640625, 115.07344055175781, 225.2469482421875]}], ""stop_signs"": []}"
pt_000040_arm0_offset15.jpg,pt_000040,10,39.95862605323175,-75.16231423816816,0,195,CAoSFkNJSE0wb2dLRUlDQWdJRGEyZjJCYlE.,2019-05,False,False,0,0,"{""traffic_lights"": [], ""stop_signs"": []}"
pt_000041_arm90_offset15.jpg,pt_000041,10,39.9585695657266,-75.1622450151464,90,285,CAoSF0NJSE0wb2dLRUlDQWdJRGFxZnl6NEFF,2020-07,False,False,0,0,"{""traffic_lights"": [], ""stop_signs"": []}"
pt_000042_arm180_offset15.jpg,pt_000042,10,39.9585162956519,-75.16231841886562,180,15,CAoSF0NJSE0wb2dLRUlDQWdJRGE4Zk9YbXdF,2019-05,False,False,0,0,"{""traffic_lights"": [], ""stop_signs"": []}"
pt_000043_arm270_offset15.jpg,pt_000043,10,39.95857278311287,-75.16238764189416,270,105,CAoSFkNJSE0wb2dLRUlDQWdJRGE4WWl3UWc.,2019-05,False,False,0,0,"{""traffic_lights"": [], ""stop_signs"": []}"
pt_000044_arm0_offset15.jpg,pt_000044,11,39.96176113242143,-75.1574596199415,0,195,CAoSFkNJSE0wb2dLRUlDQWdJRGFtWlByQ2c.,2019-08,True,False,3,0,"{""traffic_lights"": [{""confidence"": 0.8428620100021362, ""class"": ""traffic light"", ""bbox"": [113.21006774902344, 189.71839904785156, 136.20925903320312, 232.3821258544922]}, {""confidence"": 0.8084867596626282, ""class"": ""traffic light"", ""bbox"": [92.88194274902344, 202.14459228515625, 119.19821166992188, 240.77877807617188]}, {""confidence"": 0.7872632741928101, ""class"": ""traffic light"", ""bbox"": [196.78890991210938, 193.58164978027344, 214.32357788085938, 231.86119079589844]}], ""stop_signs"": []}"
pt_000045_arm90_offset15.jpg,pt_000045,11,39.96170464199343,-75.15739039776209,90,285,CAoSF0NJSE0wb2dLRUlDQWdJRGE2YS1RdndF,2019-06,True,False,5,0,"{""traffic_lights"": [{""confidence"": 0.8010463714599609, ""class"": ""traffic light"", ""bbox"": [326.4525146484375, 234.541015625, 338.7276611328125, 262.52374267578125]}, {""confidence"": 0.7802860736846924, ""class"": ""traffic light"", ""bbox"": [272.101806640625, 238.90216064453125, 285.17822265625, 266.0391845703125]}, {""confidence"": 0.762988805770874, ""class"": ""traffic light"", ""bbox"": [630.0460815429688, 251.18536376953125, 639.8092651367188, 271.62713623046875]}, {""confidence"": 0.7400710582733154, ""class"": ""traffic light"", ""bbox"": [585.1593017578125, 259.7437744140625, 596.9322509765625, 280.1668701171875]}, {""confidence"": 0.509261965751648, ""class"": ""traffic light"", ""bbox"": [301.65374755859375, 238.23727416992188, 318.9815673828125, 255.49209594726562]}], ""stop_signs"": []}"
pt_000046_arm180_offset15.jpg,pt_000046,11,39.96165137503697,-75.15746380867718,180,15,CAoSF0NJSE0wb2dLRUlDQWdJQ09tbzdMaEFF,2022-06,True,False,3,0,"{""traffic_lights"": [{""confidence"": 0.6283443570137024, ""class"": ""traffic light"", ""bbox"": [322.94281005859375, 261.653564453125, 330.047119140625, 277.300048828125]}, {""confidence"": 0.5727655291557312, ""class"": ""traffic light"", ""bbox"": [52.879478454589844, 272.3983154296875, 63.105438232421875, 290.0582275390625]}, {""confidence"": 0.5539219379425049, ""class"": ""traffic light"", ""bbox"": [0.026601791381835938, 216.59710693359375, 12.112045288085938, 241.31478881835938]}], ""stop_signs"": []}"
pt_000047_arm270_offset15.jpg,pt_000047,11,39.96170786542079,-75.15753303086338,270,105,CAoSF0NJSE0wb2dLRUlDQWdJRGE4ZDdlX0FF,2019-06,True,False,3,0,"{""traffic_lights"": [{""confidence"": 0.8559116125106812, ""class"": ""traffic light"", ""bbox"": [390.70440673828125, 178.5372772216797, 407.60650634765625, 222.38108825683594]}, {""confidence"": 0.717564582824707, ""class"": ""traffic light"", ""bbox"": [355.13330078125, 200.55442810058594, 368.408447265625, 235.30174255371094]}, {""confidence"": 0.5993617177009583, ""class"": ""traffic light"", ""bbox"": [358.48919677734375, 287.46331787109375, 366.15008544921875, 304.2642822265625]}], ""stop_signs"": []}"
pt_000048_arm0_offset15.jpg,pt_000048,12,39.96159331564782,-75.15940290880846,0,195,CAoSF0NJSE0wb2dLRUlDQWdJRGFzZnJiZ2dF,2020-01,False,False,0,0,"{""traffic_lights"": [], ""stop_signs"": []}"
pt_000049_arm90_offset15.jpg,pt_000049,12,39.961536826389946,-75.15933368518377,90,285,bZ0IWR7GSrxrizYY1UL7DA,2023-03,False,False,0,0,"{""traffic_lights"": [], ""stop_signs"": []}"
pt_000050_arm180_offset15.jpg,pt_000050,12,39.96148355818812,-75.15940709439337,180,15,CAoSF0NJSE0wb2dLRUlDQWdJRGFtY0d2d2dF,2020-06,False,False,0,0,"{""traffic_lights"": [], ""stop_signs"": []}"
pt_000051_arm270_offset15.jpg,pt_000051,12,39.9615400474018,-75.15947631802482,270,105,89_GSeRDdHGWYH4Nulq6zg,2018-09,False,True,0,1,"{""traffic_lights"": [], ""stop_signs"": [{""confidence"": 0.9398733973503113, ""class"": ""stop sign"", ""bbox"": [0.07308197021484375, 184.12289428710938, 64.10347747802734, 286.7782897949219]}]}"
pt_000052_arm0_offset15.jpg,pt_000052,13,39.96127885422239,-75.15623129750789,0,195,S8jZgHfS1us2__LpGcC0sg,2023-06,False,False,0,0,"{""traffic_lights"": [], ""stop_signs"": []}"
pt_000053_arm90_offset15.jpg,pt_000053,13,39.96122236305468,-75.15616207684167,90,285,YczDQ2qx3OkH0oBK52mwVw,2021-08,False,True,0,1,"{""traffic_lights"": [], ""stop_signs"": [{""confidence"": 0.8259466290473938, ""class"": ""stop sign"", ""bbox"": [0.0, 275.88623046875, 13.971388816833496, 320.330078125]}]}"
pt_000054_arm180_offset15.jpg,pt_000054,13,39.96116909688386,-75.15623548819885,180,15,X4WypAGZPo3QvwgIV8lQeg,2023-06,False,False,0,0,"{""traffic_lights"": [], ""stop_signs"": []}"
pt_000055_arm270_offset15.jpg,pt_000055,13,39.96122558800739,-75.15630470887183,270,105,X4WypAGZPo3QvwgIV8lQeg,2023-06,False,False,0,0,"{""traffic_lights"": [], ""stop_signs"": []}"
pt_000056_arm0_offset15.jpg,pt_000056,14,39.961208053993246,-75.15463326468983,0,195,da2sGl4eEbieSPeFytQaQQ,2021-08,False,False,0,0,"{""traffic_lights"": [], ""stop_signs"": []}"
pt_000057_arm90_offset15.jpg,pt_000057,14,39.96115156186327,-75.15456404542495,90,285,CAoSF0NJSE0wb2dLRUlDQWdJRGE2Ym5pbFFF,2019-06,False,False,0,0,"{""traffic_lights"": [], ""stop_signs"": []}"
pt_000058_arm180_offset15.jpg,pt_000058,14,39.96109829671605,-75.15463745795888,180,15,CAoSF0NJSE0wb2dLRUlDQWdJRGE2WnFYcHdF,2019-06,False,False,0,0,"{""traffic_lights"": [], ""stop_signs"": []}"
pt_000059_arm270_offset15.jpg,pt_000059,14,39.96115478880182,-75.15470667723055,270,105,yHS_Hs4DglN5sgRN29YurQ,2021-08,False,False,0,0,"{""traffic_lights"": [], ""stop_signs"": []}"
pt_000060_arm0_offset15.jpg,pt_000060,15,39.96124576139911,-75.15947795796528,0,195,CAoSFkNJSE0wb2dLRUlDQWdJRGE2WjY3QWc.,2020-06,False,False,0,0,"{""traffic_lights"": [], ""stop_signs"": []}"
pt_000061_arm90_offset15.jpg,pt_000061,15,39.9611892721864,-75.15940873463241,90,285,prPLeTtxEmM_9b6qrIJAnw,2019-08,False,True,0,1,"{""traffic_lights"": [], ""stop_signs"": [{""confidence"": 0.7123610377311707, ""class"": ""stop sign"", ""bbox"": [212.76426696777344, 309.888671875, 240.87474060058594, 339.05810546875]}]}"
pt_000062_arm180_offset15.jpg,pt_000062,15,39.96113600393558,-75.15948214340749,180,15,prPLeTtxEmM_9b6qrIJAnw,2019-08,False,False,0,0,"{""traffic_lights"": [], ""stop_signs"": []}"
pt_000063_arm270_offset15.jpg,pt_000063,15,39.961192493104086,-75.15955136674711,270,105,CAoSFkNJSE0wb2dLRUlDQWdJRGE2ZDZkSFE.,2020-06,False,True,0,1,"{""traffic_lights"": [], ""stop_signs"": [{""confidence"": 0.5230556726455688, ""class"": ""stop sign"", ""bbox"": [212.89950561523438, 319.8348388671875, 229.39590454101562, 336.0733642578125]}]}"
pt_000064_arm0_offset15.jpg,pt_000064,16,39.9610520997514,-75.15790538121445,0,195,lIdbsvkF05OSLEWN_Z1LzA,2023-03,False,False,0,0,"{""traffic_lights"": [], ""stop_signs"": []}"
pt_000065_arm90_offset15.jpg,pt_000065,16,39.96099560959171,-75.15783615938692,90,285,o-CTzI3aPe6x0tv5dbWuxA,2023-03,False,False,0,0,"{""traffic_lights"": [], ""stop_signs"": []}"
pt_000066_arm180_offset15.jpg,pt_000066,16,39.96094234234781,-75.15790956918606,180,15,8s_XyFmnSOANScwSNW4V_w,2023-03,False,False,0,0,"{""traffic_lights"": [], ""stop_signs"": []}"
pt_000067_arm270_offset15.jpg,pt_000067,16,39.96099883246332,-75.15797879102035,270,105,JIMzYuWEQCIbdeB6CElD-w,2023-03,False,False,0,0,"{""traffic_lights"": [], ""stop_signs"": []}"
pt_000068_arm0_offset15.jpg,pt_000068,17,39.96087669444791,-75.15632092897594,0,195,_HrYtt9w4fjtEp63W4rokw,2023-06,True,False,1,0,"{""traffic_lights"": [{""confidence"": 0.5891084671020508, ""class"": ""traffic light"", ""bbox"": [560.0861206054688, 141.16192626953125, 580.9065551757812, 169.567138671875]}], ""stop_signs"": []}"
pt_000069_arm90_offset15.jpg,pt_000069,17,39.960820203334094,-75.15625170864504,90,285,iAyZiNWX2VgSkv-6xuMHnw,2021-08,False,False,0,0,"{""traffic_lights"": [], ""stop_signs"": []}"
pt_000070_arm180_offset15.jpg,pt_000070,17,39.96076693710481,-75.15632511949725,180,15,Tf3wLPRcmGr5kBFayR3XuA,2019-07,False,False,0,0,"{""traffic_lights"": [], ""stop_signs"": []}"
pt_000071_arm270_offset15.jpg,pt_000071,17,39.960823428174415,-75.15639433983492,270,105,eSwZQGRNQyqQaORHsIgu9Q,2023-03,False,False,0,0,"{""traffic_lights"": [], ""stop_signs"": []}"
pt_000072_arm0_offset15.jpg,pt_000072,18,39.96090929860461,-75.15677276845332,0,195,CAoSFkNJSE0wb2dLRUlDQWdJRGFzZnZWR0E.,2019-07,True,False,1,0,"{""traffic_lights"": [{""confidence"": 0.616700291633606, ""class"": ""traffic light"", ""bbox"": [38.92277526855469, 284.62005615234375, 47.22407531738281, 297.45233154296875]}], ""stop_signs"": []}"
pt_000073_arm90_offset15.jpg,pt_000073,18,39.960852807762855,-75.15670354771338,90,285,fW9pImkfPNGmU9E-xAiEyA,2023-03,False,False,0,0,"{""traffic_lights"": [], ""stop_signs"": []}"
pt_000074_arm180_offset15.jpg,pt_000074,18,39.96079954124417,-75.15677695824644,180,15,CAoSF0NJSE0wb2dLRUlDQWdJRGFxWV9PdWdF,2019-07,False,False,0,0,"{""traffic_lights"": [], ""stop_signs"": []}"
pt_000075_arm270_offset15.jpg,pt_000075,18,39.9608560320417,-75.15684617899316,270,105,lDWme7yMDGU9flbqFA2eRA,2023-03,False,False,0,0,"{""traffic_lights"": [], ""stop_signs"": []}"
pt_000076_arm0_offset15.jpg,pt_000076,19,39.96080836181834,-75.15471981032323,0,195,H7MycGRy6pfTHHZWINvF2Q,2021-08,False,False,0,0,"{""traffic_lights"": [], ""stop_signs"": []}"
pt_000077_arm90_offset15.jpg,pt_000077,19,39.960751869740406,-75.15465059139369,90,285,aGWw6-_CU77__kB2o_JCkQ,2021-08,False,False,0,0,"{""traffic_lights"": [], ""stop_signs"": []}"
pt_000078_arm180_offset15.jpg,pt_000078,19,39.96069860453668,-75.15472400342773,180,15,CAoSF0NJSE0wb2dLRUlDQWdJRGFxWW5hX3dF,2019-06,False,False,0,0,"{""traffic_lights"": [], ""stop_signs"": []}"
pt_000079_arm270_offset15.jpg,pt_000079,19,39.9607550965704,-75.15479322236403,270,105,CAoSF0NJSE0wb2dLRUlDQWdJRHFfWk8wMFFF,2019-05,False,False,0,0,"{""traffic_lights"": [], ""stop_signs"": []}"
pt_000080_arm0_offset15.jpg,pt_000080,20,39.96073776396028,-75.15312190805969,0,195,CAoSFkNJSE0wb2dLRUlDQWdJQ3VrcERRWVE.,2022-07,False,False,0,0,"{""traffic_lights"": [], ""stop_signs"": []}"
pt_000081_arm90_offset15.jpg,pt_000081,20,39.96068127092019,-75.15305269053121,90,285,-YDT9dZ7NL-05HCKVATyBQ,2019-08,False,False,0,0,"{""traffic_lights"": [], ""stop_signs"": []}"
pt_000082_arm180_offset15.jpg,pt_000082,20,39.96062800674001,-75.15312610374208,180,15,CAoSFkNJSE0wb2dLRUlDQWdJQ3VrcEN3Y3c.,2022-07,False,False,0,0,"{""traffic_lights"": [], ""stop_signs"": []}"
pt_000083_arm270_offset15.jpg,pt_000083,20,39.96068449973588,-75.15319532127735,270,105,xLzJq4PCbAZFh4RQ8eVVWg,2019-07,False,False,0,0,"{""traffic_lights"": [], ""stop_signs"": []}"
pt_000084_arm0_offset15.jpg,pt_000084,21,39.96075685462225,-75.15362375184685,0,195,CAoSF0NJSE0wb2dLRUlDQWdJQ3VrcERRa1FF,2022-07,False,False,0,0,"{""traffic_lights"": [], ""stop_signs"": []}"
pt_000085_arm90_offset15.jpg,pt_000085,21,39.96070036188435,-75.15355453388149,90,285,CAoSFkNJSE0wb2dLRUlDQWdJQ3VrdFRJTlE.,2022-07,False,False,0,0,"{""traffic_lights"": [], ""stop_signs"": []}"
pt_000086_arm180_offset15.jpg,pt_000086,21,39.96064709738268,-75.15362794671942,180,15,6WUddQku2FMgXXsxHc0jzg,2021-08,False,False,0,0,"{""traffic_lights"": [], ""stop_signs"": []}"
pt_000087_arm270_offset15.jpg,pt_000087,21,39.96070359007639,-75.15369716469158,270,105,CAoSF0NJSE0wb2dLRUlDQWdJQ3VrdVRKcUFF,2022-07,False,False,0,0,"{""traffic_lights"": [], ""stop_signs"": []}"
pt_000088_arm0_offset15.jpg,pt_000088,22,39.96077991580631,-75.15957819340234,0,195,LIgJ4y0FqvL56h3Uk10FBw,2023-03,False,False,0,0,"{""traffic_lights"": [], ""stop_signs"": []}"
pt_000089_arm90_offset15.jpg,pt_000089,22,39.96072342665388,-75.15950897046089,90,285,SOg1-bIdlfyknrtTv0MgTQ,2019-07,False,False,0,0,"{""traffic_lights"": [], ""stop_signs"": []}"
pt_000090_arm180_offset15.jpg,pt_000090,22,39.9606701583376,-75.15958237865387,180,15,KRcCK7QWQCry0C4uduFL5A,2023-05,False,False,0,0,"{""traffic_lights"": [], ""stop_signs"": []}"
pt_000091_arm270_offset15.jpg,pt_000091,22,39.960726647445846,-75.15965160160206,270,105,SOg1-bIdlfyknrtTv0MgTQ,2019-07,False,False,0,0,"{""traffic_lights"": [], ""stop_signs"": []}"
pt_000092_arm0_offset15.jpg,pt_000092,23,39.96024843437761,-75.1548442053936,0,195,CAoSFkNJSE0wb2dLRUlDQWdJRGE4Ym1wY3c.,2019-06,False,False,0,0,"{""traffic_lights"": [], ""stop_signs"": []}"
pt_000093_arm90_offset15.jpg,pt_000093,23,39.96019194237451,-75.15477498693127,90,285,33S3JTRHDMpZ3H06FfG5IQ,2021-08,False,False,0,0,"{""traffic_lights"": [], ""stop_signs"": []}"
pt_000094_arm180_offset15.jpg,pt_000094,23,39.9601386770896,-75.15484839826254,180,15,CAoSFkNJSE0wb2dLRUlDQWdJQ3VxdFAzTVE.,2022-07,False,False,0,0,"{""traffic_lights"": [], ""stop_signs"": []}"
pt_000095_arm270_offset15.jpg,pt_000095,23,39.96019516904852,-75.15491761673167,270,105,LA0GkEN3i3hHB1cHgu6OBQ,2021-08,False,False,0,0,"{""traffic_lights"": [], ""stop_signs"": []}"
pt_000096_arm0_offset15.jpg,pt_000096,24,39.96032897545212,-75.15635641199715,0,195,CAoSFkNJSE0wb2dLRUlDQWdJRGE4YmJmTkE.,2019-07,True,True,2,1,"{""traffic_lights"": [{""confidence"": 0.8032703995704651, ""class"": ""traffic light"", ""bbox"": [141.8076629638672, 205.79388427734375, 161.14097595214844, 241.611572265625]}, {""confidence"": 0.5821361541748047, ""class"": ""traffic light"", ""bbox"": [215.81790161132812, 221.31173706054688, 229.29782104492188, 251.14273071289062]}], ""stop_signs"": [{""confidence"": 0.5048237442970276, ""class"": ""stop sign"", ""bbox"": [417.08050537109375, 295.04034423828125, 432.53082275390625, 310.53973388671875]}]}"
pt_000097_arm90_offset15.jpg,pt_000097,24,39.96027248435959,-75.15628719219497,90,285,CAoSF0NJSE0wb2dLRUlDQWdJRGE4Wl9QeEFF,2019-07,True,True,2,1,"{""traffic_lights"": [{""confidence"": 0.6931132078170776, ""class"": ""traffic light"", ""bbox"": [585.3172607421875, 236.88787841796875, 594.4505615234375, 251.503173828125]}, {""confidence"": 0.548450767993927, ""class"": ""traffic light"", ""bbox"": [624.762939453125, 233.3494110107422, 635.2086181640625, 249.0458221435547]}], ""stop_signs"": [{""confidence"": 0.657151997089386, ""class"": ""stop sign"", ""bbox"": [5.600257873535156, 269.51739501953125, 23.593677520751953, 291.84552001953125]}]}"
pt_000098_arm180_offset15.jpg,pt_000098,24,39.96021921810609,-75.1563606024273,180,15,CAoSFkNJSE0wb2dLRUlDQWdJRGEyZlM3WHc.,2019-07,False,False,0,0,"{""traffic_lights"": [], ""stop_signs"": []}"
pt_000099_arm270_offset15.jpg,pt_000099,24,39.96027570915443,-75.15642982223628,270,105,Uml8FYmMtTqcs9oLnC1mYA,2023-03,True,False,2,0,"{""traffic_lights"": [{""confidence"": 0.8554336428642273, ""class"": ""traffic light"", ""bbox"": [318.4324951171875, 255.24612426757812, 327.6358642578125, 276.3880310058594]}, {""confidence"": 0.8294698596000671, ""class"": ""traffic light"", ""bbox"": [353.32720947265625, 249.80517578125, 363.21551513671875, 272.55291748046875]}], ""stop_signs"": []}"
pt_000100_arm0_offset15.jpg,pt_000100,25,39.96053354701864,-75.1580148261322,0,195,isI4yMkpPK5ZDSGea41Ufw,2023-03,False,False,0,0,"{""traffic_lights"": [], ""stop_signs"": []}"
pt_000101_arm90_offset15.jpg,pt_000101,25,39.96047705692476,-75.15794560474214,90,285,b8pZq7tqT34uttjRGnuMRw,2023-03,False,False,0,0,"{""traffic_lights"": [], ""stop_signs"": []}"
pt_000102_arm180_offset15.jpg,pt_000102,25,39.96042378960935,-75.15801901389496,180,15,zYSYKAEesgM1642F4R9kjg,2023-03,False,False,0,0,"{""traffic_lights"": [], ""stop_signs"": []}"
pt_000103_arm270_offset15.jpg,pt_000103,25,39.960480279659045,-75.15808823529179,270,105,9P28d4l393m4S0Gdo3ajsA,2023-03,False,True,0,1,"{""traffic_lights"": [], ""stop_signs"": [{""confidence"": 0.8918173313140869, ""class"": ""stop sign"", ""bbox"": [0.048656463623046875, 225.33782958984375, 18.421186447143555, 288.42791748046875]}]}"
pt_000104_arm0_offset15.jpg,pt_000104,26,39.95875472710587,-75.1503369785423,0,195,9IbOYzR5vWPS89S4iLnowA,2023-03,False,False,0,0,"{""traffic_lights"": [], ""stop_signs"": []}"
pt_000105_arm90_offset15.jpg,pt_000105,26,39.95869823238866,-75.15026776535113,90,285,CAoSF0NJSE0wb2dLRUlDQWdJRGFxYkcxcHdF,2019-08,False,False,0,0,"{""traffic_lights"": [], ""stop_signs"": []}"
pt_000106_arm180_offset15.jpg,pt_000106,26,39.95864496998748,-75.15034117860257,180,15,CAoSFkNJSE0wb2dLRUlDQWdJRGE4Y1NsT2c.,2020-06,False,False,0,0,"{""traffic_lights"": [], ""stop_signs"": []}"
pt_000107_arm270_offset15.jpg,pt_000107,26,39.95870146466048,-75.15041039180053,270,105,CAoSFkNJSE0wb2dLRUlDQWdJQ3VrdGk5ZkE.,2022-07,False,False,0,0,"{""traffic_lights"": [], ""stop_signs"": []}"
pt_000108_arm0_offset15.jpg,pt_000108,27,39.95876916530221,-75.15201731018597,0,195,hM74nNryVolD06Ax_psCAw,2025-04,False,True,0,1,"{""traffic_lights"": [], ""stop_signs"": [{""confidence"": 0.7148044109344482, ""class"": ""stop sign"", ""bbox"": [604.5054931640625, 243.9628448486328, 637.495361328125, 277.14349365234375]}]}"
pt_000109_arm90_offset15.jpg,pt_000109,27,39.95871267159676,-75.15194809558244,90,285,2GBAQ_VQq3WB9oAZNvcROw,2019-07,False,False,0,0,"{""traffic_lights"": [], ""stop_signs"": []}"
pt_000110_arm180_offset15.jpg,pt_000110,27,39.95865940811903,-75.15202150753177,180,15,FHPmldjQ47mjqMUuBIaHog,2025-04,False,False,0,0,"{""traffic_lights"": [], ""stop_signs"": []}"
pt_000111_arm270_offset15.jpg,pt_000111,27,39.9587159017803,-75.15209072214208,270,105,jMNR-1pFDrgo9kyYQUUpOw,2019-08,False,False,0,0,"{""traffic_lights"": [], ""stop_signs"": []}"
pt_000112_arm0_offset15.jpg,pt_000112,28,39.95807397187615,-75.14882104753887,0,195,CAoSF0NJSE0wb2dLRUlDQWdJRGEyZHUzdUFF,2019-08,True,False,2,0,"{""traffic_lights"": [{""confidence"": 0.6201407313346863, ""class"": ""traffic light"", ""bbox"": [584.3250732421875, 251.80946350097656, 597.4490966796875, 273.7479248046875]}, {""confidence"": 0.5918718576431274, ""class"": ""traffic light"", ""bbox"": [215.83377075195312, 242.10818481445312, 226.65524291992188, 262.3561096191406]}], ""stop_signs"": []}"
pt_000113_arm90_offset15.jpg,pt_000113,28,39.95801747624613,-75.14875183630232,90,285,2XfijRQmvHreBAAmWMSA2A,2025-06,True,False,5,0,"{""traffic_lights"": [{""confidence"": 0.8081305027008057, ""class"": ""traffic light"", ""bbox"": [416.97509765625, 241.79733276367188, 426.5416259765625, 263.5707702636719]}, {""confidence"": 0.7731518149375916, ""class"": ""traffic light"", ""bbox"": [351.88818359375, 240.05850219726562, 362.564208984375, 261.5129699707031]}, {""confidence"": 0.7569407224655151, ""class"": ""traffic light"", ""bbox"": [289.9729309082031, 239.17129516601562, 299.9339904785156, 259.7839660644531]}, {""confidence"": 0.7317317724227905, ""class"": ""traffic light"", ""bbox"": [64.54586791992188, 247.18115234375, 78.59719848632812, 273.18798828125]}, {""confidence"": 0.5604051351547241, ""class"": ""traffic light"", ""bbox"": [215.30517578125, 273.51849365234375, 223.740478515625, 293.0557861328125]}], ""stop_signs"": []}"
pt_000114_arm180_offset15.jpg,pt_000114,28,39.9579642148144,-75.14882525000671,180,15,DcbKq0luR_yrV4mZ1cjYTw,2023-04,False,False,0,0,"{""traffic_lights"": [], ""stop_signs"": []}"
pt_000115_arm270_offset15.jpg,pt_000115,28,39.958020710400206,-75.14889446125005,270,105,CAoSFkNJSE0wb2dLRUlDQWdJRGFtZXZkZGc.,2020-06,True,False,2,0,"{""traffic_lights"": [{""confidence"": 0.7846603989601135, ""class"": ""traffic light"", ""bbox"": [428.7066650390625, 34.66046142578125, 460.3773193359375, 107.47601318359375]}, {""confidence"": 0.7127196192741394, ""class"": ""traffic light"", ""bbox"": [382.7593994140625, 161.25357055664062, 399.3507080078125, 200.14865112304688]}], ""stop_signs"": []}"
pt_000116_arm0_offset15.jpg,pt_000116,29,39.9581816062351,-75.15044196096436,0,195,CAoSF0NJSE0wb2dLRUlDQWdJRGEyY3pvMVFF,2019-08,False,False,0,0,"{""traffic_lights"": [], ""stop_signs"": []}"
pt_000117_arm90_offset15.jpg,pt_000117,29,39.958125111581055,-75.15037274826987,90,285,NuPNUuinPvxzddLS4uJDng,2025-06,True,False,2,0,"{""traffic_lights"": [{""confidence"": 0.8454297780990601, ""class"": ""traffic light"", ""bbox"": [301.9884948730469, 214.8352813720703, 314.5074157714844, 241.93580627441406]}, {""confidence"": 0.7854865193367004, ""class"": ""traffic light"", ""bbox"": [399.1044921875, 203.19161987304688, 412.7059326171875, 233.08511352539062]}], ""stop_signs"": []}"
pt_000118_arm180_offset15.jpg,pt_000118,29,39.958071849111086,-75.15044616081953,180,15,CAoSFkNJSE0wb2dLRUlDQWdJRGFpYmFPVnc.,2020-06,True,False,2,0,"{""traffic_lights"": [{""confidence"": 0.6750684380531311, ""class"": ""traffic light"", ""bbox"": [307.1444091796875, 266.00439453125, 317.7989501953125, 288.0128173828125]}, {""confidence"": 0.5339965224266052, ""class"": ""traffic light"", ""bbox"": [358.1152648925781, 272.6462707519531, 366.9142761230469, 293.2355651855469]}], ""stop_signs"": []}"
pt_000119_arm270_offset15.jpg,pt_000119,29,39.95812834372093,-75.15051537352078,270,105,_HSTEsNhPLyRakRnvlAHEA,2025-06,False,False,0,0,"{""traffic_lights"": [], ""stop_signs"": []}"
pt_000120_arm0_offset15.jpg,pt_000120,30,39.96019878166013,-75.15364610522658,0,195,yohjpCG0VQjfHt4bL7_5sw,2021-08,False,False,0,0,"{""traffic_lights"": [], ""stop_signs"": []}"
pt_000121_arm90_offset15.jpg,pt_000121,30,39.96014228893559,-75.15357688781137,90,285,YlAWGDr1Kigqd2igk2rjbg,2019-07,False,True,0,1,"{""traffic_lights"": [], ""stop_signs"": [{""confidence"": 0.6917200684547424, ""class"": ""stop sign"", ""bbox"": [114.01654815673828, 183.58450317382812, 179.51336669921875, 250.76528930664062]}]}"
pt_000122_arm180_offset15.jpg,pt_000122,30,39.96008902441812,-75.15365030002857,180,15,YlAWGDr1Kigqd2igk2rjbg,2019-07,False,False,0,0,"{""traffic_lights"": [], ""stop_signs"": []}"
pt_000123_arm270_offset15.jpg,pt_000123,30,39.96014551709845,-75.15371951745057,270,105,E8APjxcKBEfIlPCcpmcq8g,2014-09,False,False,0,0,"{""traffic_lights"": [], ""stop_signs"": []}"
pt_000124_arm0_offset15.jpg,pt_000124,31,39.959623389436985,-75.15336617248865,0,195,CAoSF0NJSE0wb2dLRUlDQWdJQ3VrcFRMX2dF,2022-07,False,True,0,1,"{""traffic_lights"": [], ""stop_signs"": [{""confidence"": 0.6949917078018188, ""class"": ""stop sign"", ""bbox"": [515.2985229492188, 317.3433532714844, 535.2822875976562, 342.7785339355469]}]}"
pt_000125_arm90_offset15.jpg,pt_000125,31,39.95956689654383,-75.15329695589267,90,285,c4Qx7K4aahDt8fU1AA3fWQ,2023-03,False,True,0,1,"{""traffic_lights"": [], ""stop_signs"": [{""confidence"": 0.7177609205245972, ""class"": ""stop sign"", ""bbox"": [196.07022094726562, 284.3287353515625, 228.95059204101562, 320.89208984375]}]}"
pt_000126_arm180_offset15.jpg,pt_000126,31,39.95951363220417,-75.15337036770748,180,15,CAoSFkNJSE0wb2dLRUlDQWdJRGFxYTNMSXc.,2020-01,False,False,0,0,"{""traffic_lights"": [], ""stop_signs"": []}"
pt_000127_arm270_offset15.jpg,pt_000127,31,39.95957012505313,-75.15343958431023,270,105,CAoSF0NJSE0wb2dLRUlDQWdJRGE2Znl3a3dF,2020-01,False,False,0,0,"{""traffic_lights"": [], ""stop_signs"": []}"
pt_000128_arm0_offset15.jpg,pt_000128,32,39.95964042397184,-75.15367789459576,0,195,VbQ4UNAZCjl5G7Fh_7c90Q,2019-07,False,False,0,0,"{""traffic_lights"": [], ""stop_signs"": []}"
pt_000129_arm90_offset15.jpg,pt_000129,32,39.959583931266366,-75.15360867772313,90,285,CAoSF0NJSE0wb2dLRUlDQWdJRGFtWnluZ1FF,2020-01,False,False,0,0,"{""traffic_lights"": [], ""stop_signs"": []}"
pt_000130_arm180_offset15.jpg,pt_000130,32,39.959530666727055,-75.15368208931189,180,15,CAoSFkNJSE0wb2dLRUlDQWdJRGFtY2FkYnc.,2020-01,False,False,0,0,"{""traffic_lights"": [], ""stop_signs"": []}"
pt_000131_arm270_offset15.jpg,pt_000131,32,39.95958715938832,-75.1537513061913,270,105,CAoSF0NJSE0wb2dLRUlDQWdJRGFtYm5tMVFF,2020-01,False,True,0,1,"{""traffic_lights"": [], ""stop_signs"": [{""confidence"": 0.5716979503631592, ""class"": ""stop sign"", ""bbox"": [299.1068115234375, 307.4207763671875, 310.668212890625, 318.1129150390625]}]}"
pt_000132_arm0_offset15.jpg,pt_000132,33,39.95877348833889,-75.1550945798504,0,195,CAoSFkNJSE0wb2dLRUlDQWdJRGEyZVgxVGc.,2019-08,True,False,1,0,"{""traffic_lights"": [{""confidence"": 0.6001687049865723, ""class"": ""traffic light"", ""bbox"": [245.533447265625, 280.6146240234375, 255.29193115234375, 303.5902099609375]}], ""stop_signs"": []}"
pt_000133_arm90_offset15.jpg,pt_000133,33,39.95871699648634,-75.15502536268295,90,285,1Xx5CAV3pdTytiNklErS0g,2025-05,True,False,4,0,"{""traffic_lights"": [{""confidence"": 0.8358787894248962, ""class"": ""traffic light"", ""bbox"": [472.5617370605469, 246.8587646484375, 482.5787658691406, 268.71441650390625]}, {""confidence"": 0.810001015663147, ""class"": ""traffic light"", ""bbox"": [576.3421630859375, 211.9862060546875, 595.4066162109375, 250.625244140625]}, {""confidence"": 0.8003284931182861, ""class"": ""traffic light"", ""bbox"": [507.47747802734375, 233.07339477539062, 520.5067749023438, 261.4351501464844]}, {""confidence"": 0.5943813920021057, ""class"": ""traffic light"", ""bbox"": [531.1158447265625, 231.6485595703125, 542.0733642578125, 257.73480224609375]}], ""stop_signs"": []}"
pt_000134_arm180_offset15.jpg,pt_000134,33,39.95866373103713,-75.15509877222368,180,15,9uRlcagbRbaUPryoXwyZEw,2014-05,True,False,2,0,"{""traffic_lights"": [{""confidence"": 0.7860421538352966, ""class"": ""traffic light"", ""bbox"": [180.31521606445312, 233.9466552734375, 194.23696899414062, 264.64251708984375]}, {""confidence"": 0.6603619456291199, ""class"": ""traffic light"", ""bbox"": [94.21644592285156, 221.6826171875, 110.96437072753906, 254.87939453125]}], ""stop_signs"": []}"
pt_000135_arm270_offset15.jpg,pt_000135,33,39.95872022284548,-75.15516798939791,270,105,CAoSFkNJSE0wb2dLRUlDQWdJRGFxWlBBTGc.,2019-06,True,False,1,0,"{""traffic_lights"": [{""confidence"": 0.687843382358551, ""class"": ""traffic light"", ""bbox"": [583.3460693359375, 277.649169921875, 595.734375, 303.808837890625]}], ""stop_signs"": []}"
pt_000136_arm0_offset15.jpg,pt_000136,34,39.95968998514481,-75.15496508320527,0,195,_orfgeNQQpFFP0yXYWHxNQ,2021-08,False,False,0,0,"{""traffic_lights"": [], ""stop_signs"": []}"
pt_000137_arm90_offset15.jpg,pt_000137,34,39.959633493214426,-75.15489586521151,90,285,CAoSF0NJSE0wb2dLRUlDQWdJRGFtY09KemdF,2020-01,False,True,0,1,"{""traffic_lights"": [], ""stop_signs"": [{""confidence"": 0.5970766544342041, ""class"": ""stop sign"", ""bbox"": [120.99545288085938, 286.1148681640625, 139.03964233398438, 304.548828125]}]}"
pt_000138_arm180_offset15.jpg,pt_000138,34,39.95958022785059,-75.15496927584438,180,15,CAoSF0NJSE0wb2dLRUlDQWdJQ3VxdFAzMFFF,2022-07,False,False,0,0,"{""traffic_lights"": [], ""stop_signs"": []}"
pt_000139_arm270_offset15.jpg,pt_000139,34,39.9596367197368,-75.15503849384491,270,105,CAoSFkNJSE0wb2dLRUlDQWdJRGFxYXV1SEE.,2020-01,False,False,0,0,"{""traffic_lights"": [], ""stop_signs"": []}"
pt_000140_arm0_offset15.jpg,pt_000140,35,39.96114526972757,-75.15303281681464,0,195,D1V3OfG1JRaNZl9kql4JhA,2019-08,False,False,0,0,"{""traffic_lights"": [], ""stop_signs"": []}"
pt_000141_arm90_offset15.jpg,pt_000141,35,39.96108877663392,-75.15296359894495,90,285,D1V3OfG1JRaNZl9kql4JhA,2019-08,False,False,0,0,"{""traffic_lights"": [], ""stop_signs"": []}"
pt_000142_arm180_offset15.jpg,pt_000142,35,39.96103551251187,-75.15303701266618,180,15,njx2K6SuEY4xWmrm7cX6Iw,2019-08,False,False,0,0,"{""traffic_lights"": [], ""stop_signs"": []}"
pt_000143_arm270_offset15.jpg,pt_000143,35,39.96109200556133,-75.15310623054265,270,105,D1V3OfG1JRaNZl9kql4JhA,2019-08,False,False,0,0,"{""traffic_lights"": [], ""stop_signs"": []}"
pt_000144_arm0_offset15.jpg,pt_000144,36,39.96139562310892,-75.15782599463195,0,195,URlipNwIl4QfbqWWmw63PA,2023-03,False,False,0,0,"{""traffic_lights"": [], ""stop_signs"": []}"
pt_000145_arm90_offset15.jpg,pt_000145,36,39.96133913290146,-75.15775677252033,90,285,URlipNwIl4QfbqWWmw63PA,2023-03,False,False,0,0,"{""traffic_lights"": [], ""stop_signs"": []}"
pt_000146_arm180_offset15.jpg,pt_000146,36,39.961285865709335,-75.15783018275303,180,15,_-4sbGADE4euucNJtlRWsw,2023-03,False,False,0,0,"{""traffic_lights"": [], ""stop_signs"": []}"
pt_000147_arm270_offset15.jpg,pt_000147,36,39.9613423558726,-75.15789940487142,270,105,yStBp6TFS3fwFuGOtw9e4g,2023-03,False,False,0,0,"{""traffic_lights"": [], ""stop_signs"": []}"
pt_000148_arm0_offset15.jpg,pt_000148,37,39.9586242143303,-75.16004634408611,0,195,CAoSFkNJSE0wb2dLRUlDQWdJRGF5ZVdhRWc.,2019-05,False,False,0,0,"{""traffic_lights"": [], ""stop_signs"": []}"
pt_000149_arm90_offset15.jpg,pt_000149,37,39.95856772545947,-75.15997712295234,90,285,9uTpdm03KYqlg5TQVt1JDw,2020-11,False,False,0,0,"{""traffic_lights"": [], ""stop_signs"": []}"
pt_000150_arm180_offset15.jpg,pt_000150,37,39.958514456837605,-75.1600505284483,180,15,CAoSFkNJSE0wb2dLRUlDQWdJRGF5Y3pOWGc.,2019-05,False,False,0,0,"{""traffic_lights"": [], ""stop_signs"": []}"
pt_000151_arm270_offset15.jpg,pt_000151,37,39.95857094566424,-75.1601197495888,270,105,CAoSFkNJSE0wb2dLRUlDQWdJRGEyWTZLRGc.,2019-05,False,False,0,0,"{""traffic_lights"": [], ""stop_signs"": []}"
pt_000152_arm0_offset15.jpg,pt_000152,38,39.95843336948974,-75.15847349208563,0,195,CAoSF0NJSE0wb2dLRUlDQWdJRGEyYXZEMFFF,2019-05,False,False,0,0,"{""traffic_lights"": [], ""stop_signs"": []}"
pt_000153_arm90_offset15.jpg,pt_000153,38,39.95837687967176,-75.15840427245452,90,285,CAoSF0NJSE0wb2dLRUlDQWdJRGFxZFMwOHdF,2019-05,False,False,0,0,"{""traffic_lights"": [], ""stop_signs"": []}"
pt_000154_arm180_offset15.jpg,pt_000154,38,39.95832361205701,-75.15847767897775,180,15,CAoSFkNJSE0wb2dLRUlDQWdJRGE2ZnlJTGc.,2019-05,False,False,0,0,"{""traffic_lights"": [], ""stop_signs"": []}"
pt_000155_arm270_offset15.jpg,pt_000155,38,39.95838010183079,-75.15854689861564,270,105,CAoSF0NJSE0wb2dLRUlDQWdJRGFtY1NVcXdF,2019-05,False,False,0,0,"{""traffic_lights"": [], ""stop_signs"": []}"
pt_000156_arm0_offset15.jpg,pt_000156,39,39.95833320080185,-75.15526160953867,0,195,CAoSF0NJSE0wb2dLRUlDQWdJRGE4WXY4MEFF,2019-06,False,False,0,0,"{""traffic_lights"": [], ""stop_signs"": []}"
pt_000157_arm90_offset15.jpg,pt_000157,39,39.95827670904982,-75.15519239268099,90,285,CAoSFkNJSE0wb2dLRUlDQWdJRGE2Y2l6Q2c.,2019-06,False,False,0,0,"{""traffic_lights"": [], ""stop_signs"": []}"
pt_000158_arm180_offset15.jpg,pt_000158,39,39.958223443492464,-75.15526580161487,180,15,CAoSF0NJSE0wb2dLRUlDQWdJRGFtWmJQLWdF,2019-06,False,False,0,0,"{""traffic_lights"": [], ""stop_signs"": []}"
pt_000159_arm270_offset15.jpg,pt_000159,39,39.958279935200295,-75.15533501847932,270,105,doXOFzglzW_GwU4_qKE0ew,2021-08,False,False,0,0,"{""traffic_lights"": [], ""stop_signs"": []}"
pt_000160_arm0_offset15.jpg,pt_000160,40,39.95851656464959,-75.15683996407526,0,195,CAoSF0NJSE0wb2dLRUlDQWdJRGEyZjJlbFFF,2019-06,False,False,0,0,"{""traffic_lights"": [], ""stop_signs"": []}"
pt_000161_arm90_offset15.jpg,pt_000161,40,39.95846007384797,-75.15677074571796,90,285,WdoSgR8BBY8dgnqIl3Qczg,2021-08,False,False,0,0,"{""traffic_lights"": [], ""stop_signs"": []}"
pt_000162_arm180_offset15.jpg,pt_000162,40,39.958406807279935,-75.1568441536122,180,15,CAoSF0NJSE0wb2dLRUlDQWdJRGFxZU9ScFFF,2019-06,False,False,0,0,"{""traffic_lights"": [], ""stop_signs"": []}"
pt_000163_arm270_offset15.jpg,pt_000163,40,39.95846329803735,-75.15691337197627,270,105,mfUTlzXMnnitNqw8jngnCQ,2024-10,False,False,0,0,"{""traffic_lights"": [], ""stop_signs"": []}"
pt_000164_arm0_offset15.jpg,pt_000164,41,39.95835296171974,-75.1601090679863,0,195,CAoSF0NJSE0wb2dLRUlDQWdJRGFtYmZ4NHdF,2019-05,False,False,0,0,"{""traffic_lights"": [], ""stop_signs"": []}"
pt_000165_arm90_offset15.jpg,pt_000165,41,39.95829647288662,-75.16003984707683,90,285,CAoSF0NJSE0wb2dLRUlDQWdJRGEyZnUwaFFF,2019-05,False,False,0,0,"{""traffic_lights"": [], ""stop_signs"": []}"
pt_000166_arm180_offset15.jpg,pt_000166,41,39.95824320422388,-75.16011325223043,180,15,CAoSFkNJSE0wb2dLRUlDQWdJRGFxWXJGUkE.,2019-05,False,False,0,0,"{""traffic_lights"": [], ""stop_signs"": []}"
pt_000167_arm270_offset15.jpg,pt_000167,41,39.95829969301278,-75.16018247314666,270,105,Jwp6tw-lUbgxlq-qK10YMQ,2017-08,False,False,0,0,"{""traffic_lights"": [], ""stop_signs"": []}"
pt_000168_arm0_offset15.jpg,pt_000168,42,39.9581631399767,-75.15367241462182,0,195,wVjL3avt6DaWGELWjlhYDw,2024-08,False,False,0,0,"{""traffic_lights"": [], ""stop_signs"": []}"
pt_000169_arm90_offset15.jpg,pt_000169,42,39.95810664726774,-75.15360319925924,90,285,BAQvpfKX7yZG8wF_FzYfdw,2024-08,False,False,0,0,"{""traffic_lights"": [], ""stop_signs"": []}"
pt_000170_arm180_offset15.jpg,pt_000170,42,39.95805338272807,-75.1536766092556,180,15,BAQvpfKX7yZG8wF_FzYfdw,2024-08,False,False,0,0,"{""traffic_lights"": [], ""stop_signs"": []}"
pt_000171_arm270_offset15.jpg,pt_000171,42,39.95810987539281,-75.15374582462496,270,105,BAQvpfKX7yZG8wF_FzYfdw,2024-08,False,False,0,0,"{""traffic_lights"": [], ""stop_signs"": []}"
pt_000172_arm0_offset15.jpg,pt_000172,43,39.95829847611218,-75.15476916549997,0,195,lfAkBk2GxTjNTTJbAZ6bTg,2021-08,False,False,0,0,"{""traffic_lights"": [], ""stop_signs"": []}"
pt_000173_arm90_offset15.jpg,pt_000173,43,39.958241984063626,-75.15469994908725,90,285,XmCMYGX9qI4m1wIw0B1N-w,2021-08,False,False,0,0,"{""traffic_lights"": [], ""stop_signs"": []}"
pt_000174_arm180_offset15.jpg,pt_000174,43,39.95818871882164,-75.15477335836978,180,15,XmCMYGX9qI4m1wIw0B1N-w,2021-08,False,False,0,0,"{""traffic_lights"": [], ""stop_signs"": []}"
pt_000175_arm270_offset15.jpg,pt_000175,43,39.958245210826,-75.15484257478927,270,105,XmCMYGX9qI4m1wIw0B1N-w,2021-08,False,False,0,0,"{""traffic_lights"": [], ""stop_signs"": []}"
pt_000176_arm0_offset15.jpg,pt_000176,44,39.95815951378244,-75.15853231245728,0,195,CAoSF0NJSE0wb2dLRUlDQWdJRGFtWVd2aHdF,2019-05,False,False,0,0,"{""traffic_lights"": [], ""stop_signs"": []}"
pt_000177_arm90_offset15.jpg,pt_000177,44,39.958103023999854,-75.15846309305633,90,285,CAoSFkNJSE0wb2dLRUlDQWdJRGE2YXlGS0E.,2019-05,False,False,0,0,"{""traffic_lights"": [], ""stop_signs"": []}"
pt_000178_arm180_offset15.jpg,pt_000178,44,39.95804975634671,-75.15853649923746,180,15,BMLpPdpJI0dVVMhXi26qNg,2024-10,False,False,0,0,"{""traffic_lights"": [], ""stop_signs"": []}"
pt_000179_arm270_offset15.jpg,pt_000179,44,39.95810624608509,-75.15860571864516,270,105,P5GCoKCg7ag7sRV3wcp_HA,2016-10,False,False,0,0,"{""traffic_lights"": [], ""stop_signs"": []}"
pt_000180_arm0_offset15.jpg,pt_000180,45,39.957834904726646,-75.1544847240005,0,195,qt0c3qaI575AZZrr6kFaeA,2021-08,False,False,0,0,"{""traffic_lights"": [], ""stop_signs"": []}"
pt_000181_arm90_offset15.jpg,pt_000181,45,39.95777841250677,-75.15441550829678,90,285,JnCwwpvnm7nkCgHIDy90Ww,2020-11,False,False,0,0,"{""traffic_lights"": [], ""stop_signs"": []}"
pt_000182_arm180_offset15.jpg,pt_000182,45,39.95772514744584,-75.15448891730135,180,15,CAoSF0NJSE0wb2dLRUlDQWdJRGFtWUhadUFF,2019-06,False,False,0,0,"{""traffic_lights"": [], ""stop_signs"": []}"
pt_000183_arm270_offset15.jpg,pt_000183,45,39.95778163962151,-75.15455813301186,270,105,p7iEnvEH_1_KjnanlvXU9w,2020-11,False,False,0,0,"{""traffic_lights"": [], ""stop_signs"": []}"
pt_000184_arm0_offset15.jpg,pt_000184,46,39.9579344732067,-75.1553498250637,0,195,1NwaGU3QYrZPr_0gvSQbSQ,2023-03,False,False,0,0,"{""traffic_lights"": [], ""stop_signs"": []}"
pt_000185_arm90_offset15.jpg,pt_000185,46,39.95787798150776,-75.15528060853897,90,285,CAoSF0NJSE0wb2dLRUlDQWdJRGE4YWFLcUFF,2019-06,False,False,0,0,"{""traffic_lights"": [], ""stop_signs"": []}"
pt_000186_arm180_offset15.jpg,pt_000186,46,39.957824715892826,-75.15535401697275,180,15,erquFdP6hhmubfLA4SBy8g,2023-03,False,True,0,1,"{""traffic_lights"": [], ""stop_signs"": [{""confidence"": 0.5692272186279297, ""class"": ""stop sign"", ""bbox"": [44.737022399902344, 288.1622314453125, 66.05461120605469, 314.39105224609375]}]}"
pt_000187_arm270_offset15.jpg,pt_000187,46,39.95788120754758,-75.15542323350422,270,105,erquFdP6hhmubfLA4SBy8g,2023-03,False,False,0,0,"{""traffic_lights"": [], ""stop_signs"": []}"
pt_000188_arm0_offset15.jpg,pt_000188,47,39.95774084279716,-75.15539131327544,0,195,QyugpgC8qDLXSBLnqM46oA,2023-03,False,False,0,0,"{""traffic_lights"": [], ""stop_signs"": []}"
pt_000189_arm90_offset15.jpg,pt_000189,47,39.95768435112317,-75.15532209691355,90,285,xEZ070rh3ybsBAsIJ3onkw,2023-03,False,False,0,0,"{""traffic_lights"": [], ""stop_signs"": []}"
pt_000190_arm180_offset15.jpg,pt_000190,47,39.957631085481175,-75.1553955051055,180,15,CAoSF0NJSE0wb2dLRUlDQWdJRGEyWXEzaUFF,2020-07,False,False,0,0,"{""traffic_lights"": [], ""stop_signs"": []}"
pt_000191_arm270_offset15.jpg,pt_000191,47,39.95768757711096,-75.15546472147416,270,105,xEZ070rh3ybsBAsIJ3onkw,2023-03,False,False,0,0,"{""traffic_lights"": [], ""stop_signs"": []}"
pt_000192_arm0_offset15.jpg,pt_000192,48,39.9579448242392,-75.15696301794573,0,195,CAoSFkNJSE0wb2dLRUlDQWdJRGFxYmoyQ2c.,2019-06,False,False,0,0,"{""traffic_lights"": [], ""stop_signs"": []}"
pt_000193_arm90_offset15.jpg,pt_000193,48,39.95788833351164,-75.15689380006876,90,285,CAoSF0NJSE0wb2dLRUlDQWdJRGFtYi16aWdF,2019-06,False,False,0,0,"{""traffic_lights"": [], ""stop_signs"": []}"
pt_000194_arm180_offset15.jpg,pt_000194,48,39.95783506686326,-75.15696720724858,180,15,CAoSFkNJSE0wb2dLRUlDQWdJRGE2YWo2RlE.,2019-06,False,False,0,0,"{""traffic_lights"": [], ""stop_signs"": []}"
pt_000195_arm270_offset15.jpg,pt_000195,48,39.957891557546645,-75.15703642513232,270,105,5BSAE08app8dfqubK7juYA,2020-11,False,False,0,0,"{""traffic_lights"": [], ""stop_signs"": []}"
pt_000196_arm0_offset15.jpg,pt_000196,49,39.9575917894954,-75.15380501029601,0,195,DE3sI4fIP5ksctYnfBTq_A,2024-08,False,False,0,0,"{""traffic_lights"": [], ""stop_signs"": []}"
pt_000197_arm90_offset15.jpg,pt_000197,49,39.95753529686623,-75.15373579540535,90,285,DE3sI4fIP5ksctYnfBTq_A,2024-08,False,False,0,0,"{""traffic_lights"": [], ""stop_signs"": []}"
pt_000198_arm180_offset15.jpg,pt_000198,49,39.95748203224012,-75.15380920468023,180,15,zsuU_pxlaXfHYoFHrDMDkQ,2020-11,False,False,0,0,"{""traffic_lights"": [], ""stop_signs"": []}"
pt_000199_arm270_offset15.jpg,pt_000199,49,39.957538524825104,-75.15387841957764,270,105,CAoSFkNJSE0wb2dLRUlDQWdJRGF5YTJoRGc.,2019-06,False,False,0,0,"{""traffic_lights"": [], ""stop_signs"": []}"
pt_000200_arm0_offset15.jpg,pt_000200,50,39.95839127030672,-75.15204734810024,0,195,CAoSF0NJSE0wb2dLRUlDQWdJRGE4ZExfcXdF,2019-08,True,False,2,0,"{""traffic_lights"": [{""confidence"": 0.7948058247566223, ""class"": ""traffic light"", ""bbox"": [276.9255676269531, 210.22390747070312, 290.5340881347656, 238.91879272460938]}, {""confidence"": 0.7434649467468262, ""class"": ""traffic light"", ""bbox"": [340.763916015625, 202.11495971679688, 354.96044921875, 232.90093994140625]}], ""stop_signs"": []}"
pt_000201_arm90_offset15.jpg,pt_000201,50,39.958334776619296,-75.15197813385682,90,285,WycpOvHnAvmx93vZdeDQDA,2025-06,True,False,4,0,"{""traffic_lights"": [{""confidence"": 0.8088377714157104, ""class"": ""traffic light"", ""bbox"": [88.88887023925781, 83.17369079589844, 114.35064697265625, 135.0675506591797]}, {""confidence"": 0.8035128116607666, ""class"": ""traffic light"", ""bbox"": [430.90692138671875, 246.0167236328125, 439.35052490234375, 266.1279296875]}, {""confidence"": 0.7593040466308594, ""class"": ""traffic light"", ""bbox"": [365.87322998046875, 243.19207763671875, 375.25518798828125, 264.60760498046875]}, {""confidence"": 0.7070630788803101, ""class"": ""traffic light"", ""bbox"": [190.45925903320312, 152.6036834716797, 206.77822875976562, 188.34059143066406]}], ""stop_signs"": []}"
pt_000202_arm180_offset15.jpg,pt_000202,50,39.95828151312135,-75.15205154537414,180,15,s-PR65bZ7BUsxG6mPgNoeg,2025-06,False,False,0,0,"{""traffic_lights"": [], ""stop_signs"": []}"
pt_000203_arm270_offset15.jpg,pt_000203,50,39.95833800676458,-75.15212075962435,270,105,CAoSF0NJSE0wb2dLRUlDQWdJRGFxYkt6eWdF,2019-08,False,False,0,0,"{""traffic_lights"": [], ""stop_signs"": []}"
pt_000204_arm0_offset15.jpg,pt_000204,51,39.95858603116664,-75.15357592775736,0,195,CAoSFkNJSE0wb2dLRUlDQWdJRGEyYmJRRWc.,2019-08,False,False,0,0,"{""traffic_lights"": [], ""stop_signs"": []}"
pt_000205_arm90_offset15.jpg,pt_000205,51,39.958529538399645,-75.15350671204406,90,285,YHX_6Vx5CyzOScjeSq5WNg,2023-09,False,False,0,0,"{""traffic_lights"": [], ""stop_signs"": []}"
pt_000206_arm180_offset15.jpg,pt_000206,51,39.95847627392288,-75.15358012257315,180,15,xagj1g2fdzQkQYor_ngWlQ,2024-08,False,False,0,0,"{""traffic_lights"": [], ""stop_signs"": []}"
pt_000207_arm270_offset15.jpg,pt_000207,51,39.95853276664569,-75.15364933829322,270,105,F1sZCgVYiM0JZhbgH-nbpw,2023-09,False,False,0,0,"{""traffic_lights"": [], ""stop_signs"": []}"
pt_000208_arm0_offset15.jpg,pt_000208,52,39.958601432040304,-75.15372716782342,0,195,CAoSFkNJSE0wb2dLRUlDQWdJRGEyWTI2VVE.,2019-08,False,False,0,0,"{""traffic_lights"": [], ""stop_signs"": []}"
pt_000209_arm90_offset15.jpg,pt_000209,52,39.95854493936438,-75.15365795196863,90,285,F1sZCgVYiM0JZhbgH-nbpw,2023-09,False,False,0,0,"{""traffic_lights"": [], ""stop_signs"": []}"
pt_000210_arm180_offset15.jpg,pt_000210,52,39.95849167479077,-75.15373136239577,180,15,CbPiQkfEkpctBbRYOiu5gg,2025-05,False,False,0,0,"{""traffic_lights"": [], ""stop_signs"": []}"
pt_000211_arm270_offset15.jpg,pt_000211,52,39.958548167422514,-75.15380057825735,270,105,CbPiQkfEkpctBbRYOiu5gg,2025-05,False,False,0,0,"{""traffic_lights"": [], ""stop_signs"": []}"
pt_000212_arm0_offset15.jpg,pt_000212,53,39.95889664516256,-75.15998680046268,0,195,j6ET3yiK9vgosdXQafiE6Q,2025-05,False,False,0,0,"{""traffic_lights"": [], ""stop_signs"": []}"
pt_000213_arm90_offset15.jpg,pt_000213,53,39.95884015625588,-75.15991757910079,90,285,Y1GNpEvGePWRwZD7jEqpyQ,2024-10,False,False,0,0,"{""traffic_lights"": [], ""stop_signs"": []}"
pt_000214_arm180_offset15.jpg,pt_000214,53,39.958786887672886,-75.15999098493786,180,15,gAQGOK1F6q2l8wNgDqQ0xg,2025-05,False,False,0,0,"{""traffic_lights"": [], ""stop_signs"": []}"
pt_000215_arm270_offset15.jpg,pt_000215,53,39.95884337653536,-75.1600602063065,270,105,CAoSFkNJSE0wb2dLRUlDQWdJRGFpY20yT2c.,2019-05,False,False,0,0,"{""traffic_lights"": [], ""stop_signs"": []}"
pt_000216_arm0_offset15.jpg,pt_000216,54,39.9593759867904,-75.15988396611182,0,195,CAoSF0NJSE0wb2dLRUlDQWdJQ3VzTHlrdHdF,2022-07,False,False,0,0,"{""traffic_lights"": [], ""stop_signs"": []}"
pt_000217_arm90_offset15.jpg,pt_000217,54,39.9593194978219,-75.15981474434695,90,285,CAoSFkNJSE0wb2dLRUlDQWdJRGE4YV9jSGc.,2019-08,True,False,3,0,"{""traffic_lights"": [{""confidence"": 0.8770138621330261, ""class"": ""traffic light"", ""bbox"": [257.9689025878906, 135.69894409179688, 279.0944519042969, 182.44537353515625]}, {""confidence"": 0.8727977871894836, ""class"": ""traffic light"", ""bbox"": [144.97354125976562, 134.7138671875, 167.07949829101562, 182.27203369140625]}, {""confidence"": 0.5696924924850464, ""class"": ""traffic light"", ""bbox"": [528.733642578125, 263.25579833984375, 548.4169921875, 301.62994384765625]}], ""stop_signs"": []}"
pt_000218_arm180_offset15.jpg,pt_000218,54,39.95926622930602,-75.15988815078273,180,15,2QYmR8FRyxlKYujW_IS9ng,2025-05,True,False,2,0,"{""traffic_lights"": [{""confidence"": 0.7273495197296143, ""class"": ""traffic light"", ""bbox"": [111.04829406738281, 112.26504516601562, 131.69644165039062, 156.18508911132812]}, {""confidence"": 0.6383761763572693, ""class"": ""traffic light"", ""bbox"": [159.85012817382812, 169.7167510986328, 173.94448852539062, 199.9457244873047]}], ""stop_signs"": []}"
pt_000219_arm270_offset15.jpg,pt_000219,54,39.95932271823035,-75.15995737255435,270,105,CAoSFkNJSE0wb2dLRUlDQWdJRGE2Znl3UFE.,2019-08,False,False,0,0,"{""traffic_lights"": [], ""stop_signs"": []}"
pt_000220_arm0_offset15.jpg,pt_000220,55,39.957862385188434,-75.16022870051646,0,195,sZgCv4mWdUfxjqa8OwK_gA,2025-05,True,True,1,1,"{""traffic_lights"": [{""confidence"": 0.7118522524833679, ""class"": ""traffic light"", ""bbox"": [606.93505859375, 163.4273681640625, 627.83056640625, 202.94866943359375]}], ""stop_signs"": [{""confidence"": 0.5365576148033142, ""class"": ""stop sign"", ""bbox"": [413.8313903808594, 301.23974609375, 427.3767395019531, 314.8056640625]}]}"
pt_000221_arm90_offset15.jpg,pt_000221,55,39.95780589642733,-75.16015948000744,90,285,CAoSFkNJSE0wb2dLRUlDQWdJRGF5WmVtSWc.,2019-05,True,False,4,0,"{""traffic_lights"": [{""confidence"": 0.7613524794578552, ""class"": ""traffic light"", ""bbox"": [257.45709228515625, 248.14697265625, 268.57965087890625, 269.80340576171875]}, {""confidence"": 0.72328120470047, ""class"": ""traffic light"", ""bbox"": [503.8419189453125, 178.227783203125, 522.2265625, 216.60040283203125]}, {""confidence"": 0.6644754409790039, ""class"": ""traffic light"", ""bbox"": [568.7083740234375, 124.77682495117188, 598.8040771484375, 182.16226196289062]}, {""confidence"": 0.5793464779853821, ""class"": ""traffic light"", ""bbox"": [183.545166015625, 248.17127990722656, 193.04473876953125, 269.441162109375]}], ""stop_signs"": []}"
pt_000222_arm180_offset15.jpg,pt_000222,55,39.957752627686666,-75.16023288453705,180,15,H9p6_OVAH8pRAyZ2kH4iCw,2025-04,True,False,3,0,"{""traffic_lights"": [{""confidence"": 0.7725616693496704, ""class"": ""traffic light"", ""bbox"": [378.0189514160156, 245.73196411132812, 387.0256652832031, 266.3493957519531]}, {""confidence"": 0.6783074140548706, ""class"": ""traffic light"", ""bbox"": [109.15336608886719, 172.4384765625, 124.35877990722656, 203.70565795898438]}, {""confidence"": 0.6243603825569153, ""class"": ""traffic light"", ""bbox"": [0.03923988342285156, 77.14915466308594, 21.287736892700195, 131.7421417236328]}], ""stop_signs"": []}"
pt_000223_arm270_offset15.jpg,pt_000223,55,39.95780911640357,-75.16030210505279,270,105,OPQWaefHRQS4G-r0miO7oA,2025-05,False,False,0,0,"{""traffic_lights"": [], ""stop_signs"": []}"
pt_000224_arm0_offset15.jpg,pt_000224,56,39.95917679702593,-75.15831077027576,0,195,CAoSF0NJSE0wb2dLRUlDQWdJRGE2WjZpc0FF,2019-05,True,False,2,0,"{""traffic_lights"": [{""confidence"": 0.6908652782440186, ""class"": ""traffic light"", ""bbox"": [175.2227325439453, 274.08331298828125, 187.20323181152344, 300.84429931640625]}, {""confidence"": 0.6907050013542175, ""class"": ""traffic light"", ""bbox"": [401.45458984375, 273.3951416015625, 412.9718017578125, 303.2608642578125]}], ""stop_signs"": []}"
pt_000225_arm90_offset15.jpg,pt_000225,56,39.95912030711006,-75.1582415500223,90,285,CAoSF0NJSE0wb2dLRUlDQWdJRGE4WmYweUFF,2019-08,True,False,2,0,"{""traffic_lights"": [{""confidence"": 0.7749571204185486, ""class"": ""traffic light"", ""bbox"": [265.744140625, 222.7031707763672, 276.73834228515625, 246.80039978027344]}, {""confidence"": 0.6910035610198975, ""class"": ""traffic light"", ""bbox"": [322.2789611816406, 222.94195556640625, 333.5796203613281, 246.92431640625]}], ""stop_signs"": []}"
pt_000226_arm180_offset15.jpg,pt_000226,56,39.95906703960149,-75.15831495747663,180,15,9AawAuJIlkjR9spC7E8CKg,2014-06,True,False,1,0,"{""traffic_lights"": [{""confidence"": 0.531848132610321, ""class"": ""traffic light"", ""bbox"": [0.021896839141845703, 288.9485168457031, 7.3284010887146, 312.3254089355469]}], ""stop_signs"": []}"
pt_000227_arm270_offset15.jpg,pt_000227,56,39.95912352947318,-75.15838417773683,270,105,CAoSFkNJSE0wb2dLRUlDQWdJRGE2YzN2VFE.,2019-08,True,False,1,0,"{""traffic_lights"": [{""confidence"": 0.6973531246185303, ""class"": ""traffic light"", ""bbox"": [581.0652465820312, 275.91278076171875, 596.0227661132812, 305.8260498046875]}], ""stop_signs"": []}"
pt_000228_arm0_offset15.jpg,pt_000228,57,39.95871443742939,-75.15841078522841,0,195,CAoSFkNJSE0wb2dLRUlDQWdJRGEyWjdUZkE.,2019-05,False,False,0,0,"{""traffic_lights"": [], ""stop_signs"": []}"
pt_000229_arm90_offset15.jpg,pt_000229,57,39.958657947573705,-75.158341565363,90,285,CAoSF0NJSE0wb2dLRUlDQWdJRGE2ZXI1NlFF,2019-05,False,False,0,0,"{""traffic_lights"": [], ""stop_signs"": []}"
pt_000230_arm180_offset15.jpg,pt_000230,57,39.95860467999984,-75.15841497223917,180,15,CAoSFkNJSE0wb2dLRUlDQWdJRGF5YjJMYlE.,2019-05,False,False,0,0,"{""traffic_lights"": [], ""stop_signs"": []}"
pt_000231_arm270_offset15.jpg,pt_000231,57,39.95866116981136,-75.15848419211136,270,105,lCJdEXh6jKWsqcUdF1OVvw,2024-10,False,True,0,1,"{""traffic_lights"": [], ""stop_signs"": [{""confidence"": 0.656083345413208, ""class"": ""stop sign"", ""bbox"": [362.42913818359375, 305.15521240234375, 383.35479736328125, 324.20343017578125]}]}"
pt_000232_arm0_offset15.jpg,pt_000232,58,39.95766119522739,-75.15864185198993,0,195,CAoSFkNJSE0wb2dLRUlDQWdJRGFzZktrVWc.,2019-05,True,False,2,0,"{""traffic_lights"": [{""confidence"": 0.7945786714553833, ""class"": ""traffic light"", ""bbox"": [514.2759399414062, 82.73973083496094, 543.9284057617188, 141.06564331054688]}, {""confidence"": 0.7360496520996094, ""class"": ""traffic light"", ""bbox"": [217.1647491455078, 237.403076171875, 231.6458282470703, 263.8425598144531]}], ""stop_signs"": []}"
pt_000233_arm90_offset15.jpg,pt_000233,58,39.957604705510704,-75.15857263300572,90,285,CAoSF0NJSE0wb2dLRUlDQWdJRGF5ZmlCbHdF,2019-05,True,False,2,0,"{""traffic_lights"": [{""confidence"": 0.7855600714683533, ""class"": ""traffic light"", ""bbox"": [260.890380859375, 232.7213134765625, 273.052978515625, 257.6131286621094]}, {""confidence"": 0.7579166889190674, ""class"": ""traffic light"", ""bbox"": [167.50949096679688, 229.02520751953125, 180.17926025390625, 254.27679443359375]}], ""stop_signs"": []}"
pt_000234_arm180_offset15.jpg,pt_000234,58,39.95755143778607,-75.15864603856238,180,15,g2jUhs1E8Cq4Ttx8I2acoQ,2024-05,True,False,1,0,"{""traffic_lights"": [{""confidence"": 0.7376624941825867, ""class"": ""traffic light"", ""bbox"": [366.11468505859375, 271.1839599609375, 373.71368408203125, 288.851318359375]}], ""stop_signs"": []}"
pt_000235_arm270_offset15.jpg,pt_000235,58,39.95760792745856,-75.15871525755335,270,105,CAoSFkNJSE0wb2dLRUlDQWdJRGE2WmFuZEE.,2019-05,True,False,1,0,"{""traffic_lights"": [{""confidence"": 0.5893245339393616, ""class"": ""traffic light"", ""bbox"": [578.2836303710938, 315.9844970703125, 587.6375122070312, 340.1778564453125]}], ""stop_signs"": []}"
pt_000236_arm0_offset15.jpg,pt_000236,59,39.95736705408227,-75.15221808886274,0,195,whdKodZKAoZTu8rHMkZdKw,2025-07,True,False,3,0,"{""traffic_lights"": [{""confidence"": 0.8651318550109863, ""class"": ""traffic light"", ""bbox"": [209.62286376953125, 178.43988037109375, 227.76962280273438, 218.22186279296875]}, {""confidence"": 0.6748945116996765, ""class"": ""traffic light"", ""bbox"": [97.1563720703125, 156.5605010986328, 121.82797241210938, 202.6505889892578]}, {""confidence"": 0.6726561784744263, ""class"": ""traffic light"", ""bbox"": [319.4653015136719, 35.02393341064453, 340.1371154785156, 92.90711212158203]}], ""stop_signs"": []}"
pt_000237_arm90_offset15.jpg,pt_000237,59,39.95731056049758,-75.15214887552101,90,285,x-LXDYAwbvkNvxHqvHGgWg,2023-08,True,False,4,0,"{""traffic_lights"": [{""confidence"": 0.787856936454773, ""class"": ""traffic light"", ""bbox"": [231.84967041015625, 208.87255859375, 245.8079833984375, 237.14422607421875]}, {""confidence"": 0.7056344747543335, ""class"": ""traffic light"", ""bbox"": [384.28607177734375, 238.46768188476562, 392.9581298828125, 255.94723510742188]}, {""confidence"": 0.6080548763275146, ""class"": ""traffic light"", ""bbox"": [303.72454833984375, 222.2378692626953, 313.33447265625, 242.3214874267578]}, {""confidence"": 0.6001662015914917, ""class"": ""traffic light"", ""bbox"": [79.88194274902344, 168.4852294921875, 102.88314819335938, 208.94888305664062]}], ""stop_signs"": []}"
pt_000238_arm180_offset15.jpg,pt_000238,59,39.95725729688756,-75.15222228579745,180,15,pjYji3qT1F7SC-L6JmSUNg,2024-10,True,False,2,0,"{""traffic_lights"": [{""confidence"": 0.7381737232208252, ""class"": ""traffic light"", ""bbox"": [12.546436309814453, 191.23333740234375, 27.390380859375, 218.3865966796875]}, {""confidence"": 0.6728302240371704, ""class"": ""traffic light"", ""bbox"": [464.99298095703125, 288.35009765625, 472.43994140625, 302.279052734375]}], ""stop_signs"": []}"
pt_000239_arm270_offset15.jpg,pt_000239,59,39.95731379042808,-75.15229149914596,270,105,1l1bMhOytd70AYgHmXEG5g,2023-08,False,False,0,0,"{""traffic_lights"": [], ""stop_signs"": []}"
pt_000240_arm0_offset15.jpg,pt_000240,60,39.95982120601993,-75.15655276881931,0,195,CAoSFkNJSE0wb2dLRUlDQWdJRGE2Ym1IYmc.,2020-01,False,False,0,0,"{""traffic_lights"": [], ""stop_signs"": []}"
pt_000241_arm90_offset15.jpg,pt_000241,60,39.959764715045566,-75.15648354937127,90,285,CAoSF0NJSE0wb2dLRUlDQWdJRGFpWS1NOXdF,2019-07,False,False,0,0,"{""traffic_lights"": [], ""stop_signs"": []}"
pt_000242_arm180_offset15.jpg,pt_000242,60,39.95971144866493,-75.15655695890082,180,15,0R0BtBZ7iYiyeGiqz8jyhA,2023-03,False,False,0,0,"{""traffic_lights"": [], ""stop_signs"": []}"
pt_000243_arm270_offset15.jpg,pt_000243,60,39.9597679395951,-75.15662617835564,270,105,CAoSF0NJSE0wb2dLRUlDQWdJRGFtYlRJb3dF,2019-07,False,True,0,1,"{""traffic_lights"": [], ""stop_signs"": [{""confidence"": 0.5560636520385742, ""class"": ""stop sign"", ""bbox"": [127.2783203125, 302.09991455078125, 146.05209350585938, 320.56134033203125]}]}"
pt_000244_arm0_offset15.jpg,pt_000244,61,39.958973548101184,-75.15673713947145,0,195,bJH_mCCAVqzyOpsGdvouWg,2023-03,False,False,0,0,"{""traffic_lights"": [], ""stop_signs"": []}"
pt_000245_arm90_offset15.jpg,pt_000245,61,39.95891705723772,-75.15666792073397,90,285,CAoSF0NJSE0wb2dLRUlDQWdJRGFpYmZta1FF,2019-08,True,False,2,0,"{""traffic_lights"": [{""confidence"": 0.7556623816490173, ""class"": ""traffic light"", ""bbox"": [391.8318176269531, 211.605224609375, 416.8191223144531, 274.8789978027344]}, {""confidence"": 0.5198959708213806, ""class"": ""traffic light"", ""bbox"": [421.59051513671875, 225.035400390625, 447.43212890625, 252.73907470703125]}], ""stop_signs"": []}"
pt_000246_arm180_offset15.jpg,pt_000246,61,39.958863790736736,-75.15674132920275,180,15,hdalQb7A3oKFbTit1e_gdw,2025-04,True,False,2,0,"{""traffic_lights"": [{""confidence"": 0.6465471386909485, ""class"": ""traffic light"", ""bbox"": [70.39476013183594, 238.60650634765625, 87.19721984863281, 282.64569091796875]}, {""confidence"": 0.6133774518966675, ""class"": ""traffic light"", ""bbox"": [512.2904052734375, 256.0932312011719, 527.9691162109375, 285.4648132324219]}], ""stop_signs"": []}"
pt_000247_arm270_offset15.jpg,pt_000247,61,39.958920281556,-75.156810547947,270,105,etxwpIypNtRnmC1oVBkitg,2017-11,True,True,2,1,"{""traffic_lights"": [{""confidence"": 0.7911633253097534, ""class"": ""traffic light"", ""bbox"": [95.6998291015625, 270.4625244140625, 114.46771240234375, 307.6356201171875]}, {""confidence"": 0.635391891002655, ""class"": ""traffic light"", ""bbox"": [54.282379150390625, 290.6856384277344, 73.27066802978516, 307.2240295410156]}], ""stop_signs"": [{""confidence"": 0.5668900012969971, ""class"": ""stop sign"", ""bbox"": [64.07083129882812, 310.3478698730469, 91.96043395996094, 338.2508239746094]}]}"
pt_000248_arm0_offset15.jpg,pt_000248,62,39.96001882407221,-75.15812596973201,0,195,LtY_X7Z_czCIXgulXInekw,2023-03,False,False,0,0,"{""traffic_lights"": [], ""stop_signs"": []}"
pt_000249_arm90_offset15.jpg,pt_000249,62,39.95996233404517,-75.1580567487741,90,285,CAoSF0NJSE0wb2dLRUlDQWdJRGE2WW54aGdF,2020-01,False,False,0,0,"{""traffic_lights"": [], ""stop_signs"": []}"
pt_000250_arm180_offset15.jpg,pt_000250,62,39.95990906665721,-75.15813015728344,180,15,J5ptn3NXkqV8MLlpSULHww,2023-03,False,False,0,0,"{""traffic_lights"": [], ""stop_signs"": []}"
pt_000251_arm270_offset15.jpg,pt_000251,62,39.959965556640064,-75.15819937824809,270,105,CAoSF0NJSE0wb2dLRUlDQWdJRGFxZjZpd1FF,2020-01,False,False,0,0,"{""traffic_lights"": [], ""stop_signs"": []}"
pt_000252_arm0_offset15.jpg,pt_000252,63,39.95973270637666,-75.15581123440602,0,195,CAoSF0NJSE0wb2dLRUlDQWdJRGEwYmVsbndF,2020-01,False,False,0,0,"{""traffic_lights"": [], ""stop_signs"": []}"
pt_000253_arm90_offset15.jpg,pt_000253,63,39.95967621495576,-75.15574201566494,90,285,CAoSFkNJSE0wb2dLRUlDQWdJRGFxYzM2Wnc.,2020-01,False,False,0,0,"{""traffic_lights"": [], ""stop_signs"": []}"
pt_000254_arm180_offset15.jpg,pt_000254,63,39.95962294904997,-75.1558154256804,180,15,tVAayOlfgVpfu53iTxymbw,2023-09,False,False,0,0,"{""traffic_lights"": [], ""stop_signs"": []}"
pt_000255_arm270_offset15.jpg,pt_000255,63,39.95967944042667,-75.15588464442823,270,105,CAoSF0NJSE0wb2dLRUlDQWdJRGFpWlNTNndF,2020-01,False,False,0,0,"{""traffic_lights"": [], ""stop_signs"": []}"
pt_000256_arm0_offset15.jpg,pt_000256,64,39.95720448732267,-75.15109941551168,0,195,CAoSFkNJSE0wb2dLRUlDQWdJQ09nc3U0RHc.,2022-06,True,False,6,0,"{""traffic_lights"": [{""confidence"": 0.7609559297561646, ""class"": ""traffic light"", ""bbox"": [528.138427734375, 221.57012939453125, 540.380126953125, 247.20755004882812]}, {""confidence"": 0.7454257011413574, ""class"": ""traffic light"", ""bbox"": [369.99542236328125, 0.24346160888671875, 415.37554931640625, 55.74388122558594]}, {""confidence"": 0.7332103252410889, ""class"": ""traffic light"", ""bbox"": [547.4876708984375, 202.1865234375, 561.5093994140625, 231.34722900390625]}, {""confidence"": 0.7263531684875488, ""class"": ""traffic light"", ""bbox"": [582.044189453125, 167.01644897460938, 601.903076171875, 207.31155395507812]}, {""confidence"": 0.6274067163467407, ""class"": ""traffic light"", ""bbox"": [141.72425842285156, 1.413665771484375, 185.25181579589844, 75.68241882324219]}, {""confidence"": 0.5895047783851624, ""class"": ""traffic light"", ""bbox"": [456.54290771484375, 0.08621406555175781, 538.339111328125, 22.097246170043945]}], ""stop_signs"": []}"
pt_000257_arm90_offset15.jpg,pt_000257,64,39.95714799306437,-75.15103020326606,90,285,IMgCvUajSxpsTl7W75stKQ,2023-07,True,False,4,0,"{""traffic_lights"": [{""confidence"": 0.7382902503013611, ""class"": ""traffic light"", ""bbox"": [248.01364135742188, 256.0184631347656, 257.0825500488281, 274.7267150878906]}, {""confidence"": 0.7046123147010803, ""class"": ""traffic light"", ""bbox"": [511.9358215332031, 226.12881469726562, 526.419921875, 252.55535888671875]}, {""confidence"": 0.6822461485862732, ""class"": ""traffic light"", ""bbox"": [304.25567626953125, 250.4971923828125, 314.28643798828125, 271.368408203125]}, {""confidence"": 0.6159197688102722, ""class"": ""traffic light"", ""bbox"": [596.4588623046875, 221.48550415039062, 613.1937255859375, 248.07772827148438]}], ""stop_signs"": []}"
pt_000258_arm180_offset15.jpg,pt_000258,64,39.95709473017065,-75.15110361424405,180,15,UF12m-IN2GEvYPGOmaEj8Q,2024-10,True,False,5,0,"{""traffic_lights"": [{""confidence"": 0.7268806099891663, ""class"": ""traffic light"", ""bbox"": [54.101715087890625, 129.22097778320312, 80.30421447753906, 186.51333618164062]}, {""confidence"": 0.6875564455986023, ""class"": ""traffic light"", ""bbox"": [157.280029296875, 181.2684326171875, 172.93157958984375, 217.56393432617188]}, {""confidence"": 0.6134324073791504, ""class"": ""traffic light"", ""bbox"": [222.8570556640625, 213.33839416503906, 233.435546875, 240.53916931152344]}, {""confidence"": 0.5971463918685913, ""class"": ""traffic light"", ""bbox"": [488.896728515625, 239.21884155273438, 499.970947265625, 260.85107421875]}, {""confidence"": 0.5887477993965149, ""class"": ""traffic light"", ""bbox"": [424.672607421875, 240.00836181640625, 434.79034423828125, 260.9595947265625]}], ""stop_signs"": []}"
pt_000259_arm270_offset15.jpg,pt_000259,64,39.95715122438475,-75.15117282649646,270,105,CAoSFkNJSE0wb2dLRUlDQWdJQ09nc3VrY2c.,2022-06,True,False,1,0,"{""traffic_lights"": [{""confidence"": 0.7527286410331726, ""class"": ""traffic light"", ""bbox"": [202.7578125, 106.89143371582031, 223.10174560546875, 157.44590759277344]}], ""stop_signs"": []}"
pt_000260_arm0_offset15.jpg,pt_000260,65,39.957840856449145,-75.15062340494283,0,195,CAoSFkNJSE0wb2dLRUlDQWdJQ093c0daQlE.,2022-06,False,False,0,0,"{""traffic_lights"": [], ""stop_signs"": []}"
pt_000261_arm90_offset15.jpg,pt_000261,65,39.95778436190429,-75.15055419244467,90,285,tREnNnx1_sumHL578KwNjg,2019-08,False,False,0,0,"{""traffic_lights"": [], ""stop_signs"": []}"
pt_000262_arm180_offset15.jpg,pt_000262,65,39.95773109931721,-75.15062760448373,180,15,4XJLfsYFgKmdjTqle-yEjQ,2019-08,False,False,0,0,"{""traffic_lights"": [], ""stop_signs"": []}"
pt_000263_arm270_offset15.jpg,pt_000263,65,39.957787593817855,-75.15069681698868,270,105,pVDjj0Ax3bmA1oM4NsK5Qg,2023-05,False,False,0,0,"{""traffic_lights"": [], ""stop_signs"": []}"
pt_000264_arm0_offset15.jpg,pt_000264,66,39.95905867754102,-75.15348035873107,0,195,CAoSF0NJSE0wb2dLRUlDQWdJRGEyYlNZbEFF,2020-01,False,False,0,0,"{""traffic_lights"": [], ""stop_signs"": []}"
pt_000265_arm90_offset15.jpg,pt_000265,66,39.95900218471655,-75.15341114261561,90,285,CAoSF0NJSE0wb2dLRUlDQWdJQ3Vrc3I0d3dF,2022-07,False,False,0,0,"{""traffic_lights"": [], ""stop_signs"": []}"
pt_000266_arm180_offset15.jpg,pt_000266,66,39.95894892030227,-75.15348455373051,180,15,xhetQK6atNYSBM8GWtJOKg,2023-03,False,False,0,0,"{""traffic_lights"": [], ""stop_signs"": []}"
pt_000267_arm270_offset15.jpg,pt_000267,66,39.95900541308256,-75.15355376985275,270,105,xhetQK6atNYSBM8GWtJOKg,2023-03,False,False,0,0,"{""traffic_lights"": [], ""stop_signs"": []}"
pt_000268_arm0_offset15.jpg,pt_000268,67,39.95972811708409,-75.15334321810381,0,195,CAoSFkNJSE0wb2dLRUlDQWdJQ3Vrc2llSXc.,2022-07,False,False,0,0,"{""traffic_lights"": [], ""stop_signs"": []}"
pt_000269_arm90_offset15.jpg,pt_000269,67,39.959671624177126,-75.15327400142019,90,285,ifZytLitANR4yOiryAEQgw,2018-09,False,False,0,0,"{""traffic_lights"": [], ""stop_signs"": []}"
pt_000270_arm180_offset15.jpg,pt_000270,67,39.95961835985247,-75.15334741336618,180,15,CAoSF0NJSE0wb2dLRUlDQWdJQ3VrcFRMX2dF,2022-07,False,False,0,0,"{""traffic_lights"": [], ""stop_signs"": []}"
pt_000271_arm270_offset15.jpg,pt_000271,67,39.95967485271523,-75.1534166300566,270,105,CAoSFkNJSE0wb2dLRUlDQWdJQ3Vrc2llY3c.,2022-07,False,False,0,0,"{""traffic_lights"": [], ""stop_signs"": []}"
pt_000272_arm0_offset15.jpg,pt_000272,68,39.95889097071038,-75.15287410482495,0,195,CAoSF0NJSE0wb2dLRUlDQWdJQ3Vrc2pXaFFF,2022-07,False,False,0,0,"{""traffic_lights"": [], ""stop_signs"": []}"
pt_000273_arm90_offset15.jpg,pt_000273,68,39.95883447752083,-75.15280488938464,90,285,CAoSF0NJSE0wb2dLRUlDQWdJRGEyYkwyalFF,2020-01,False,False,0,0,"{""traffic_lights"": [], ""stop_signs"": []}"
pt_000274_arm180_offset15.jpg,pt_000274,68,39.958781213494525,-75.1528783007937,180,15,CAoSFkNJSE0wb2dLRUlDQWdJRGFtZDdPTmc.,2020-01,False,False,0,0,"{""traffic_lights"": [], ""stop_signs"": []}"
pt_000275_arm270_offset15.jpg,pt_000275,68,39.95883770663986,-75.15294751624079,270,105,1LgFIotOelnLRwkK4T7Kvw,2019-08,False,False,0,0,"{""traffic_lights"": [], ""stop_signs"": []}"
pt_000276_arm0_offset15.jpg,pt_000276,69,39.95756853164388,-75.14986976094531,0,195,6gHFFwzlLGSIQ2ykmJqQqA,2025-07,False,False,0,0,"{""traffic_lights"": [], ""stop_signs"": []}"
pt_000277_arm90_offset15.jpg,pt_000277,69,39.95751203664525,-75.14980054935151,90,285,IMXyxI7ICIP2Zl1dy4lyTg,2025-10,False,False,0,0,"{""traffic_lights"": [], ""stop_signs"": []}"
pt_000278_arm180_offset15.jpg,pt_000278,69,39.957458774540285,-75.14987396168722,180,15,IMXyxI7ICIP2Zl1dy4lyTg,2025-10,False,False,0,0,"{""traffic_lights"": [], ""stop_signs"": []}"
pt_000279_arm270_offset15.jpg,pt_000279,69,39.95751526949473,-75.14994317328781,270,105,o32e-E-KBDSjaXW2pgwDmw,2023-10,False,False,0,0,"{""traffic_lights"": [], ""stop_signs"": []}"
pt_000280_arm0_offset15.jpg,pt_000280,70,39.95929393524779,-75.15546876159469,0,195,PJvJartlEkJfEMJmvCSUsg,2023-09,False,False,0,0,"{""traffic_lights"": [], ""stop_signs"": []}"
pt_000281_arm90_offset15.jpg,pt_000281,70,39.95923744362062,-75.15539954358563,90,285,hYAsZPxcUh6nurHQO4mNeA,2023-09,False,False,0,0,"{""traffic_lights"": [], ""stop_signs"": []}"
pt_000282_arm180_offset15.jpg,pt_000282,70,39.95918417793308,-75.15547295339542,180,15,xove4Ve6hX15jqAO18o4hw,2023-09,False,False,0,0,"{""traffic_lights"": [], ""stop_signs"": []}"
pt_000283_arm270_offset15.jpg,pt_000283,70,39.95924066951605,-75.15554217141126,270,105,hYAsZPxcUh6nurHQO4mNeA,2023-09,False,True,0,1,"{""traffic_lights"": [], ""stop_signs"": [{""confidence"": 0.5190277695655823, ""class"": ""stop sign"", ""bbox"": [369.4717712402344, 293.9040832519531, 400.5752868652344, 325.9636535644531]}]}"
pt_000284_arm0_offset15.jpg,pt_000284,71,39.95939692476569,-75.15664505336142,0,195,NrnpQsZO4wc4eKVcc21f4A,2023-03,False,False,0,0,"{""traffic_lights"": [], ""stop_signs"": []}"
pt_000285_arm90_offset15.jpg,pt_000285,71,39.95934043384684,-75.15657583426905,90,285,F7Z3DO27mTeWggDOnNCVsA,2023-03,False,False,0,0,"{""traffic_lights"": [], ""stop_signs"": []}"
pt_000286_arm180_offset15.jpg,pt_000286,71,39.95928716740596,-75.15664924326765,180,15,F7Z3DO27mTeWggDOnNCVsA,2023-03,False,False,0,0,"{""traffic_lights"": [], ""stop_signs"": []}"
pt_000287_arm270_offset15.jpg,pt_000287,71,39.959343658280645,-75.1567184623668,270,105,F7Z3DO27mTeWggDOnNCVsA,2023-03,False,False,0,0,"{""traffic_lights"": [], ""stop_signs"": []}"
